id,name,category,servingSize,current_calories,current_protein,current_carbs,current_fat,current_fiber,status,pageTitle,source_calories_per_100g,source_protein_per_100g,source_carbs_per_100g,source_fat_per_100g,source_fiber_per_100g,url,error
f-israel-1,חלב 3% - תנובה / שטראוס,חלב,"100 מ""ל",60,3.2,4.7,3,0,error,,,,,,,https://www.foodsdictionary.co.il/Products/1/%D7%97%D7%9C%D7%91%203%25%20-%20%D7%AA%D7%A0%D7%95%D7%91%D7%94%20%2F%20%D7%A9%D7%98%D7%A8%D7%90%D7%95%D7%A1,HTTPError: HTTP Error 404: Not Found
f-israel-2,חלב 1% - תנובה,חלב,"100 מ""ל",42,3.3,4.8,1,0,error,,,,,,,https://www.foodsdictionary.co.il/Products/1/%D7%97%D7%9C%D7%91%201%25%20-%20%D7%AA%D7%A0%D7%95%D7%91%D7%94,HTTPError: HTTP Error 404: Not Found
f-israel-3,חלב דל לקטוז 2%,חלב,"100 מ""ל",50,3.3,4.7,2,0,error,,,,,,,https://www.foodsdictionary.co.il/Products/1/%D7%97%D7%9C%D7%91%20%D7%93%D7%9C%20%D7%9C%D7%A7%D7%98%D7%95%D7%96%202%25,HTTPError: HTTP Error 404: Not Found
f-israel-4,חלב סויה ללא סוכר - אלפרו,תחליפי חלב,"100 מ""ל",33,3.3,0.2,1.8,0.6,error,,,,,,,https://www.foodsdictionary.co.il/Products/1/%D7%97%D7%9C%D7%91%20%D7%A1%D7%95%D7%99%D7%94%20%D7%9C%D7%9C%D7%90%20%D7%A1%D7%95%D7%9B%D7%A8%20-%20%D7%90%D7%9C%D7%A4%D7%A8%D7%95,HTTPError: HTTP Error 404: Not Found
f-israel-5,חלב שקדים ללא סוכר,תחליפי חלב,"100 מ""ל",15,0.5,0.2,1.2,0.2,error,,,,,,,https://www.foodsdictionary.co.il/Products/1/%D7%97%D7%9C%D7%91%20%D7%A9%D7%A7%D7%93%D7%99%D7%9D%20%D7%9C%D7%9C%D7%90%20%D7%A1%D7%95%D7%9B%D7%A8,HTTPError: HTTP Error 404: Not Found
f-israel-6,חלב שיבולת שועל - אלפרו,תחליפי חלב,"100 מ""ל",45,1,6.8,1.5,0.8,error,,,,,,,https://www.foodsdictionary.co.il/Products/1/%D7%97%D7%9C%D7%91%20%D7%A9%D7%99%D7%91%D7%95%D7%9C%D7%AA%20%D7%A9%D7%95%D7%A2%D7%9C%20-%20%D7%90%D7%9C%D7%A4%D7%A8%D7%95,HTTPError: HTTP Error 404: Not Found
f-israel-7,קוטג' 5% - תנובה,גבינות,100 גרם,95,11,1.5,5,0,error,,,,,,,https://www.foodsdictionary.co.il/Products/1/%D7%A7%D7%95%D7%98%D7%92%27%205%25%20-%20%D7%AA%D7%A0%D7%95%D7%91%D7%94,HTTPError: HTTP Error 404: Not Found
f-israel-8,קוטג' 3% - תנובה,גבינות,100 גרם,78,11.5,1.5,3,0,error,,,,,,,https://www.foodsdictionary.co.il/Products/1/%D7%A7%D7%95%D7%98%D7%92%27%203%25%20-%20%D7%AA%D7%A0%D7%95%D7%91%D7%94,HTTPError: HTTP Error 404: Not Found
f-israel-9,קוטג' 9% - שטראוס,גבינות,100 גרם,124,10.5,1.5,9,0,error,,,,,,,https://www.foodsdictionary.co.il/Products/1/%D7%A7%D7%95%D7%98%D7%92%27%209%25%20-%20%D7%A9%D7%98%D7%A8%D7%90%D7%95%D7%A1,HTTPError: HTTP Error 404: Not Found
f-israel-10,קוטג' פרו 12g חלבון,גבינות,גביע (125g),105,12,2,5,0,error,,,,,,,https://www.foodsdictionary.co.il/Products/1/%D7%A7%D7%95%D7%98%D7%92%27%20%D7%A4%D7%A8%D7%95%2012g%20%D7%97%D7%9C%D7%91%D7%95%D7%9F,HTTPError: HTTP Error 404: Not Found
f-israel-11,גבינה לבנה 5% - תנובה,גבינות,100 גרם,90,10,1.5,5,0,error,,,,,,,https://www.foodsdictionary.co.il/Products/1/%D7%92%D7%91%D7%99%D7%A0%D7%94%20%D7%9C%D7%91%D7%A0%D7%94%205%25%20-%20%D7%AA%D7%A0%D7%95%D7%91%D7%94,HTTPError: HTTP Error 404: Not Found
f-israel-12,גבינה לבנה 3% - שטראוס,גבינות,100 גרם,73,10.2,1.5,3,0,error,,,,,,,https://www.foodsdictionary.co.il/Products/1/%D7%92%D7%91%D7%99%D7%A0%D7%94%20%D7%9C%D7%91%D7%A0%D7%94%203%25%20-%20%D7%A9%D7%98%D7%A8%D7%90%D7%95%D7%A1,HTTPError: HTTP Error 404: Not Found
f-israel-13,גבינה לבנה 9% - תנובה,גבינות,100 גרם,120,9.5,1.5,9,0,error,,,,,,,https://www.foodsdictionary.co.il/Products/1/%D7%92%D7%91%D7%99%D7%A0%D7%94%20%D7%9C%D7%91%D7%A0%D7%94%209%25%20-%20%D7%AA%D7%A0%D7%95%D7%91%D7%94,HTTPError: HTTP Error 404: Not Found
f-israel-14,גבינה צהובה עמק 28% - תנובה,גבינות קשות,פרוסה (28g),98,7,0.1,7.8,0,error,,,,,,,https://www.foodsdictionary.co.il/Products/1/%D7%92%D7%91%D7%99%D7%A0%D7%94%20%D7%A6%D7%94%D7%95%D7%91%D7%94%20%D7%A2%D7%9E%D7%A7%2028%25%20-%20%D7%AA%D7%A0%D7%95%D7%91%D7%94,HTTPError: HTTP Error 404: Not Found
f-israel-15,גבינה צהובה עמק 15% - תנובה,גבינות קשות,פרוסה (28g),73,8.1,0.1,4.2,0,error,,,,,,,https://www.foodsdictionary.co.il/Products/1/%D7%92%D7%91%D7%99%D7%A0%D7%94%20%D7%A6%D7%94%D7%95%D7%91%D7%94%20%D7%A2%D7%9E%D7%A7%2015%25%20-%20%D7%AA%D7%A0%D7%95%D7%91%D7%94,HTTPError: HTTP Error 404: Not Found
f-israel-16,גבינה צהובה עמק 9% - תנובה,גבינות קשות,פרוסה (28g),58,8.8,0.1,2.5,0,error,,,,,,,https://www.foodsdictionary.co.il/Products/1/%D7%92%D7%91%D7%99%D7%A0%D7%94%20%D7%A6%D7%94%D7%95%D7%91%D7%94%20%D7%A2%D7%9E%D7%A7%209%25%20-%20%D7%AA%D7%A0%D7%95%D7%91%D7%94,HTTPError: HTTP Error 404: Not Found
f-israel-17,גבינה צהובה גלבוע 22%,גבינות קשות,פרוסה (28g),85,7.5,0.1,6.2,0,error,,,,,,,https://www.foodsdictionary.co.il/Products/1/%D7%92%D7%91%D7%99%D7%A0%D7%94%20%D7%A6%D7%94%D7%95%D7%91%D7%94%20%D7%92%D7%9C%D7%91%D7%95%D7%A2%2022%25,HTTPError: HTTP Error 404: Not Found
f-israel-18,גבינת מותרת 5% שומן,גבינות קשות,פרוסה (28g),50,9,0.2,1.4,0,error,,,,,,,https://www.foodsdictionary.co.il/Products/1/%D7%92%D7%91%D7%99%D7%A0%D7%AA%20%D7%9E%D7%95%D7%AA%D7%A8%D7%AA%205%25%20%D7%A9%D7%95%D7%9E%D7%9F,HTTPError: HTTP Error 404: Not Found
f-israel-19,גבינת מוצרלה מגוררת,גבינות,100 גרם,280,22,2,20,0,error,,,,,,,https://www.foodsdictionary.co.il/Products/1/%D7%92%D7%91%D7%99%D7%A0%D7%AA%20%D7%9E%D7%95%D7%A6%D7%A8%D7%9C%D7%94%20%D7%9E%D7%92%D7%95%D7%A8%D7%A8%D7%AA,HTTPError: HTTP Error 404: Not Found
f-israel-20,גבינת מוצרלה לייט 15%,גבינות,100 גרם,210,24,2,12,0,error,,,,,,,https://www.foodsdictionary.co.il/Products/1/%D7%92%D7%91%D7%99%D7%A0%D7%AA%20%D7%9E%D7%95%D7%A6%D7%A8%D7%9C%D7%94%20%D7%9C%D7%99%D7%99%D7%98%2015%25,HTTPError: HTTP Error 404: Not Found
f-israel-21,גבינת בולגרית 5% - פיראוס,גבינות מלוחות,100 גרם,110,15,1.5,5,0,error,,,,,,,https://www.foodsdictionary.co.il/Products/1/%D7%92%D7%91%D7%99%D7%A0%D7%AA%20%D7%91%D7%95%D7%9C%D7%92%D7%A8%D7%99%D7%AA%205%25%20-%20%D7%A4%D7%99%D7%A8%D7%90%D7%95%D7%A1,HTTPError: HTTP Error 404: Not Found
f-israel-22,גבינת בולגרית 16% - פיראוס,גבינות מלוחות,100 גרם,200,14,1.5,16,0,error,,,,,,,https://www.foodsdictionary.co.il/Products/1/%D7%92%D7%91%D7%99%D7%A0%D7%AA%20%D7%91%D7%95%D7%9C%D7%92%D7%A8%D7%99%D7%AA%2016%25%20-%20%D7%A4%D7%99%D7%A8%D7%90%D7%95%D7%A1,HTTPError: HTTP Error 404: Not Found
f-israel-23,גבינת פטה עיזים 20%,גבינות מלוחות,100 גרם,240,14,1,20,0,error,,,,,,,https://www.foodsdictionary.co.il/Products/1/%D7%92%D7%91%D7%99%D7%A0%D7%AA%20%D7%A4%D7%98%D7%94%20%D7%A2%D7%99%D7%96%D7%99%D7%9D%2020%25,HTTPError: HTTP Error 404: Not Found
f-israel-24,גבינת צפתית 5% - תנובה,גבינות מלוחות,100 גרם,115,16,1.5,5,0,error,,,,,,,https://www.foodsdictionary.co.il/Products/1/%D7%92%D7%91%D7%99%D7%A0%D7%AA%20%D7%A6%D7%A4%D7%AA%D7%99%D7%AA%205%25%20-%20%D7%AA%D7%A0%D7%95%D7%91%D7%94,HTTPError: HTTP Error 404: Not Found
f-israel-25,לאבנה 9% - פיראוס,גבינות,100 גרם,130,9,3,9,0,error,,,,,,,https://www.foodsdictionary.co.il/Products/1/%D7%9C%D7%90%D7%91%D7%A0%D7%94%209%25%20-%20%D7%A4%D7%99%D7%A8%D7%90%D7%95%D7%A1,HTTPError: HTTP Error 404: Not Found
f-israel-26,לאבנה 5%,גבינות,100 גרם,95,9.5,3,5,0,error,,,,,,,https://www.foodsdictionary.co.il/Products/1/%D7%9C%D7%90%D7%91%D7%A0%D7%94%205%25,HTTPError: HTTP Error 404: Not Found
f-israel-27,גבינת שמנת נפוליאון 25%,גבינות,100 גרם,260,6,3,25,0,error,,,,,,,https://www.foodsdictionary.co.il/Products/1/%D7%92%D7%91%D7%99%D7%A0%D7%AA%20%D7%A9%D7%9E%D7%A0%D7%AA%20%D7%A0%D7%A4%D7%95%D7%9C%D7%99%D7%90%D7%95%D7%9F%2025%25,HTTPError: HTTP Error 404: Not Found
f-israel-28,גבינת שמנת נפוליאון 16%,גבינות,100 גרם,185,7,3.5,16,0,error,,,,,,,https://www.foodsdictionary.co.il/Products/1/%D7%92%D7%91%D7%99%D7%A0%D7%AA%20%D7%A9%D7%9E%D7%A0%D7%AA%20%D7%A0%D7%A4%D7%95%D7%9C%D7%99%D7%90%D7%95%D7%9F%2016%25,HTTPError: HTTP Error 404: Not Found
f-israel-29,יוגורט דנונה 3% ביו,יוגורט,גביע (200g),124,8,9.2,6,0,error,,,,,,,https://www.foodsdictionary.co.il/Products/1/%D7%99%D7%95%D7%92%D7%95%D7%A8%D7%98%20%D7%93%D7%A0%D7%95%D7%A0%D7%94%203%25%20%D7%91%D7%99%D7%95,HTTPError: HTTP Error 404: Not Found
f-israel-30,יוגורט דנונה 1.5% ביו,יוגורט,גביע (200g),96,8.4,9.6,3,0,error,,,,,,,https://www.foodsdictionary.co.il/Products/1/%D7%99%D7%95%D7%92%D7%95%D7%A8%D7%98%20%D7%93%D7%A0%D7%95%D7%A0%D7%94%201.5%25%20%D7%91%D7%99%D7%95,HTTPError: HTTP Error 404: Not Found
f-israel-31,יוגורט דנונה פרו 20g חלבון נקי,יוגורט חלבון,גביע (200g),120,20,9,0.4,0,error,,,,,,,https://www.foodsdictionary.co.il/Products/1/%D7%99%D7%95%D7%92%D7%95%D7%A8%D7%98%20%D7%93%D7%A0%D7%95%D7%A0%D7%94%20%D7%A4%D7%A8%D7%95%2020g%20%D7%97%D7%9C%D7%91%D7%95%D7%9F%20%D7%A0%D7%A7%D7%99,HTTPError: HTTP Error 404: Not Found
f-israel-32,יוגורט דנונה פרו 20g תות,יוגורט חלבון,גביע (200g),150,20,16,0.4,0,error,,,,,,,https://www.foodsdictionary.co.il/Products/1/%D7%99%D7%95%D7%92%D7%95%D7%A8%D7%98%20%D7%93%D7%A0%D7%95%D7%A0%D7%94%20%D7%A4%D7%A8%D7%95%2020g%20%D7%AA%D7%95%D7%AA,HTTPError: HTTP Error 404: Not Found
f-israel-33,יוגורט דנונה פרו 20g וניל,יוגורט חלבון,גביע (200g),148,20,15,0.4,0,error,,,,,,,https://www.foodsdictionary.co.il/Products/1/%D7%99%D7%95%D7%92%D7%95%D7%A8%D7%98%20%D7%93%D7%A0%D7%95%D7%A0%D7%94%20%D7%A4%D7%A8%D7%95%2020g%20%D7%95%D7%A0%D7%99%D7%9C,HTTPError: HTTP Error 404: Not Found
f-israel-34,יוגורט דנונה פרו 20g אפרסק,יוגורט חלבון,גביע (200g),152,20,16.5,0.4,0,error,,,,,,,https://www.foodsdictionary.co.il/Products/1/%D7%99%D7%95%D7%92%D7%95%D7%A8%D7%98%20%D7%93%D7%A0%D7%95%D7%A0%D7%94%20%D7%A4%D7%A8%D7%95%2020g%20%D7%90%D7%A4%D7%A8%D7%A1%D7%A7,HTTPError: HTTP Error 404: Not Found
f-israel-35,יוגורט יווני 7% - יוטבתה,יוגורט,100 גרם,100,6,3.5,7,0,error,,,,,,,https://www.foodsdictionary.co.il/Products/1/%D7%99%D7%95%D7%92%D7%95%D7%A8%D7%98%20%D7%99%D7%95%D7%95%D7%A0%D7%99%207%25%20-%20%D7%99%D7%95%D7%98%D7%91%D7%AA%D7%94,HTTPError: HTTP Error 404: Not Found
f-israel-36,יוגורט יווני 2% - יוטבתה,יוגורט,100 גרם,62,8.5,3.8,2,0,error,,,,,,,https://www.foodsdictionary.co.il/Products/1/%D7%99%D7%95%D7%92%D7%95%D7%A8%D7%98%20%D7%99%D7%95%D7%95%D7%A0%D7%99%202%25%20-%20%D7%99%D7%95%D7%98%D7%91%D7%AA%D7%94,HTTPError: HTTP Error 404: Not Found
f-israel-37,יוגורט סקיר Yoplait טבעי,יוגורט חלבון,100 גרם,65,11,4,0.2,0,error,,,,,,,https://www.foodsdictionary.co.il/Products/1/%D7%99%D7%95%D7%92%D7%95%D7%A8%D7%98%20%D7%A1%D7%A7%D7%99%D7%A8%20Yoplait%20%D7%98%D7%91%D7%A2%D7%99,HTTPError: HTTP Error 404: Not Found
f-israel-38,יוגורט Yoplait Pro 15g,יוגורט חלבון,גביע (150g),110,15,11,0.3,0,error,,,,,,,https://www.foodsdictionary.co.il/Products/1/%D7%99%D7%95%D7%92%D7%95%D7%A8%D7%98%20Yoplait%20Pro%2015g,HTTPError: HTTP Error 404: Not Found
f-israel-39,מעדן GO 20g חלבון שוקולד,מעדני חלבון,גביע (200g),156,20,14,2,0,error,,,,,,,https://www.foodsdictionary.co.il/Products/1/%D7%9E%D7%A2%D7%93%D7%9F%20GO%2020g%20%D7%97%D7%9C%D7%91%D7%95%D7%9F%20%D7%A9%D7%95%D7%A7%D7%95%D7%9C%D7%93,HTTPError: HTTP Error 404: Not Found
f-israel-40,מעדן GO 20g חלבון וניל,מעדני חלבון,גביע (200g),150,20,13,1.8,0,error,,,,,,,https://www.foodsdictionary.co.il/Products/1/%D7%9E%D7%A2%D7%93%D7%9F%20GO%2020g%20%D7%97%D7%9C%D7%91%D7%95%D7%9F%20%D7%95%D7%A0%D7%99%D7%9C,HTTPError: HTTP Error 404: Not Found
f-israel-41,מעדן GO 20g חלבון קפה,מעדני חלבון,גביע (200g),152,20,13.5,1.8,0,error,,,,,,,https://www.foodsdictionary.co.il/Products/1/%D7%9E%D7%A2%D7%93%D7%9F%20GO%2020g%20%D7%97%D7%9C%D7%91%D7%95%D7%9F%20%D7%A7%D7%A4%D7%94,HTTPError: HTTP Error 404: Not Found
f-israel-42,מעדן מילקי שוקולד,מעדנים,גביע (133g),210,3.2,24,11.5,0,error,,,,,,,https://www.foodsdictionary.co.il/Products/1/%D7%9E%D7%A2%D7%93%D7%9F%20%D7%9E%D7%99%D7%9C%D7%A7%D7%99%20%D7%A9%D7%95%D7%A7%D7%95%D7%9C%D7%93,HTTPError: HTTP Error 404: Not Found
f-israel-43,מעדן מילקי לייט 1%,מעדנים,גביע (133g),115,4,18,2.5,0,error,,,,,,,https://www.foodsdictionary.co.il/Products/1/%D7%9E%D7%A2%D7%93%D7%9F%20%D7%9E%D7%99%D7%9C%D7%A7%D7%99%20%D7%9C%D7%99%D7%99%D7%98%201%25,HTTPError: HTTP Error 404: Not Found
f-israel-44,מעדן דני שוקולד,מעדנים,גביע (125g),135,3.5,23,3,0,error,,,,,,,https://www.foodsdictionary.co.il/Products/1/%D7%9E%D7%A2%D7%93%D7%9F%20%D7%93%D7%A0%D7%99%20%D7%A9%D7%95%D7%A7%D7%95%D7%9C%D7%93,HTTPError: HTTP Error 404: Not Found
f-israel-45,גיל 3% - תנובה,מוצרי חלב,גביע (170g),100,5.5,7,5.1,0,error,,,,,,,https://www.foodsdictionary.co.il/Products/1/%D7%92%D7%99%D7%9C%203%25%20-%20%D7%AA%D7%A0%D7%95%D7%91%D7%94,HTTPError: HTTP Error 404: Not Found
f-israel-46,אשל 4.5% - תנובה,מוצרי חלב,גביע (200g),136,6.2,8,9,0,error,,,,,,,https://www.foodsdictionary.co.il/Products/1/%D7%90%D7%A9%D7%9C%204.5%25%20-%20%D7%AA%D7%A0%D7%95%D7%91%D7%94,HTTPError: HTTP Error 404: Not Found
f-israel-47,שמנת חמוצה 15% - תנובה,שמנת,100 גרם,160,2.8,3.5,15,0,error,,,,,,,https://www.foodsdictionary.co.il/Products/1/%D7%A9%D7%9E%D7%A0%D7%AA%20%D7%97%D7%9E%D7%95%D7%A6%D7%94%2015%25%20-%20%D7%AA%D7%A0%D7%95%D7%91%D7%94,HTTPError: HTTP Error 404: Not Found
f-israel-48,שמנת חמוצה 9% - תנובה,שמנת,100 גרם,108,3.2,3.8,9,0,error,,,,,,,https://www.foodsdictionary.co.il/Products/1/%D7%A9%D7%9E%D7%A0%D7%AA%20%D7%97%D7%9E%D7%95%D7%A6%D7%94%209%25%20-%20%D7%AA%D7%A0%D7%95%D7%91%D7%94,HTTPError: HTTP Error 404: Not Found
f-israel-49,שמנת מתוקה 38% להקצפה,שמנת,"100 מ""ל",360,2,3,38,0,error,,,,,,,https://www.foodsdictionary.co.il/Products/1/%D7%A9%D7%9E%D7%A0%D7%AA%20%D7%9E%D7%AA%D7%95%D7%A7%D7%94%2038%25%20%D7%9C%D7%94%D7%A7%D7%A6%D7%A4%D7%94,HTTPError: HTTP Error 404: Not Found
f-israel-50,שמנת לבישול 15% - השף הלבן,שמנת,"100 מ""ל",160,3,4,15,0,error,,,,,,,https://www.foodsdictionary.co.il/Products/1/%D7%A9%D7%9E%D7%A0%D7%AA%20%D7%9C%D7%91%D7%99%D7%A9%D7%95%D7%9C%2015%25%20-%20%D7%94%D7%A9%D7%A3%20%D7%94%D7%9C%D7%91%D7%9F,HTTPError: HTTP Error 404: Not Found
f-israel-51,שמנת לבישול 10% - השף הלבן,שמנת,"100 מ""ל",118,3.2,4.2,10,0,error,,,,,,,https://www.foodsdictionary.co.il/Products/1/%D7%A9%D7%9E%D7%A0%D7%AA%20%D7%9C%D7%91%D7%99%D7%A9%D7%95%D7%9C%2010%25%20-%20%D7%94%D7%A9%D7%A3%20%D7%94%D7%9C%D7%91%D7%9F,HTTPError: HTTP Error 404: Not Found
f-israel-52,חמאה שופרסל / תנובה,שומנים,10 גרם,74,0.1,0.1,8.2,0,error,,,,,,,https://www.foodsdictionary.co.il/Products/1/%D7%97%D7%9E%D7%90%D7%94%20%D7%A9%D7%95%D7%A4%D7%A8%D7%A1%D7%9C%20%2F%20%D7%AA%D7%A0%D7%95%D7%91%D7%94,HTTPError: HTTP Error 404: Not Found
f-israel-53,ריקוטה 5% - גד,גבינות,100 גרם,100,11,3.5,5,0,error,,,,,,,https://www.foodsdictionary.co.il/Products/1/%D7%A8%D7%99%D7%A7%D7%95%D7%98%D7%94%205%25%20-%20%D7%92%D7%93,HTTPError: HTTP Error 404: Not Found
f-israel-54,גבינת חלומי 24%,גבינות,100 גרם,320,20,2,24,0,error,,,,,,,https://www.foodsdictionary.co.il/Products/1/%D7%92%D7%91%D7%99%D7%A0%D7%AA%20%D7%97%D7%9C%D7%95%D7%9E%D7%99%2024%25,HTTPError: HTTP Error 404: Not Found
f-israel-55,גבינת פרמזן מגוררת,גבינות קשות,10 גרם,40,3.8,0.4,2.6,0,error,,,,,,,https://www.foodsdictionary.co.il/Products/1/%D7%92%D7%91%D7%99%D7%A0%D7%AA%20%D7%A4%D7%A8%D7%9E%D7%96%D7%9F%20%D7%9E%D7%92%D7%95%D7%A8%D7%A8%D7%AA,HTTPError: HTTP Error 404: Not Found
f-israel-56,ביצה S (קטנה),ביצים,יחידה 1 (45g),60,5.2,0.4,4.2,0,error,,,,,,,https://www.foodsdictionary.co.il/Products/1/%D7%91%D7%99%D7%A6%D7%94%20S%20%28%D7%A7%D7%98%D7%A0%D7%94%29,HTTPError: HTTP Error 404: Not Found
f-israel-57,ביצה M (בינונית),ביצים,יחידה 1 (53g),72,6.3,0.5,5,0,error,,,,,,,https://www.foodsdictionary.co.il/Products/1/%D7%91%D7%99%D7%A6%D7%94%20M%20%28%D7%91%D7%99%D7%A0%D7%95%D7%A0%D7%99%D7%AA%29,HTTPError: HTTP Error 404: Not Found
f-israel-58,ביצה L (גדולה),ביצים,יחידה 1 (63g),85,7.5,0.6,5.8,0,error,,,,,,,https://www.foodsdictionary.co.il/Products/1/%D7%91%D7%99%D7%A6%D7%94%20L%20%28%D7%92%D7%93%D7%95%D7%9C%D7%94%29,HTTPError: HTTP Error 404: Not Found
f-israel-59,ביצה XL (ענקית),ביצים,יחידה 1 (73g),98,8.7,0.7,6.8,0,error,,,,,,,https://www.foodsdictionary.co.il/Products/1/%D7%91%D7%99%D7%A6%D7%94%20XL%20%28%D7%A2%D7%A0%D7%A7%D7%99%D7%AA%29,HTTPError: HTTP Error 404: Not Found
f-israel-60,חלבון ביצה (חלבון בלבד),ביצים,100 גרם,52,11,0.7,0.2,0,error,,,,,,,https://www.foodsdictionary.co.il/Products/1/%D7%97%D7%9C%D7%91%D7%95%D7%9F%20%D7%91%D7%99%D7%A6%D7%94%20%28%D7%97%D7%9C%D7%91%D7%95%D7%9F%20%D7%91%D7%9C%D7%91%D7%93%29,HTTPError: HTTP Error 404: Not Found
f-israel-61,חלמון ביצה (חלמון בלבד),ביצים,יחידה 1 (17g),55,2.7,0.6,4.5,0,error,,,,,,,https://www.foodsdictionary.co.il/Products/1/%D7%97%D7%9C%D7%9E%D7%95%D7%9F%20%D7%91%D7%99%D7%A6%D7%94%20%28%D7%97%D7%9C%D7%9E%D7%95%D7%9F%20%D7%91%D7%9C%D7%91%D7%93%29,HTTPError: HTTP Error 404: Not Found
f-israel-62,ביצה קשה M,ביצים,יחידה 1 (53g),72,6.3,0.5,5,0,error,,,,,,,https://www.foodsdictionary.co.il/Products/1/%D7%91%D7%99%D7%A6%D7%94%20%D7%A7%D7%A9%D7%94%20M,HTTPError: HTTP Error 404: Not Found
f-israel-63,חזה עוף טרי (נא),עוף ובשר,100 גרם,110,23.5,0,1.2,0,error,,,,,,,https://www.foodsdictionary.co.il/Products/1/%D7%97%D7%96%D7%94%20%D7%A2%D7%95%D7%A3%20%D7%98%D7%A8%D7%99%20%28%D7%A0%D7%90%29,HTTPError: HTTP Error 404: Not Found
f-israel-64,חזה עוף מבושל / בגריל,עוף ובשר,100 גרם,165,31,0,3.6,0,error,,,,,,,https://www.foodsdictionary.co.il/Products/1/%D7%97%D7%96%D7%94%20%D7%A2%D7%95%D7%A3%20%D7%9E%D7%91%D7%95%D7%A9%D7%9C%20%2F%20%D7%91%D7%92%D7%A8%D7%99%D7%9C,HTTPError: HTTP Error 404: Not Found
f-israel-65,פרגית עוף (ירך ללא עור),עוף ובשר,100 גרם,175,24,0,8.5,0,error,,,,,,,https://www.foodsdictionary.co.il/Products/1/%D7%A4%D7%A8%D7%92%D7%99%D7%AA%20%D7%A2%D7%95%D7%A3%20%28%D7%99%D7%A8%D7%9A%20%D7%9C%D7%9C%D7%90%20%D7%A2%D7%95%D7%A8%29,HTTPError: HTTP Error 404: Not Found
f-israel-66,כרעי עוף עם עור (מבושל),עוף ובשר,100 גרם,235,24,0,15,0,error,,,,,,,https://www.foodsdictionary.co.il/Products/1/%D7%9B%D7%A8%D7%A2%D7%99%20%D7%A2%D7%95%D7%A3%20%D7%A2%D7%9D%20%D7%A2%D7%95%D7%A8%20%28%D7%9E%D7%91%D7%95%D7%A9%D7%9C%29,HTTPError: HTTP Error 404: Not Found
f-israel-67,כנפי עוף בגריל,עוף ובשר,100 גרם,220,22,0,14.5,0,error,,,,,,,https://www.foodsdictionary.co.il/Products/1/%D7%9B%D7%A0%D7%A4%D7%99%20%D7%A2%D7%95%D7%A3%20%D7%91%D7%92%D7%A8%D7%99%D7%9C,HTTPError: HTTP Error 404: Not Found
f-israel-68,שוקי עוף ללא עור,עוף ובשר,100 גרם,160,26,0,5.5,0,error,,,,,,,https://www.foodsdictionary.co.il/Products/1/%D7%A9%D7%95%D7%A7%D7%99%20%D7%A2%D7%95%D7%A3%20%D7%9C%D7%9C%D7%90%20%D7%A2%D7%95%D7%A8,HTTPError: HTTP Error 404: Not Found
f-israel-69,כבד עוף צלוי,עוף ובשר,100 גרם,165,24.5,1,6.5,0,error,,,,,,,https://www.foodsdictionary.co.il/Products/1/%D7%9B%D7%91%D7%93%20%D7%A2%D7%95%D7%A3%20%D7%A6%D7%9C%D7%95%D7%99,HTTPError: HTTP Error 404: Not Found
f-israel-70,בשר בקר טחון רזה 5% שומן,בקר,100 גרם,135,21,0,5,0,error,,,,,,,https://www.foodsdictionary.co.il/Products/1/%D7%91%D7%A9%D7%A8%20%D7%91%D7%A7%D7%A8%20%D7%98%D7%97%D7%95%D7%9F%20%D7%A8%D7%96%D7%94%205%25%20%D7%A9%D7%95%D7%9E%D7%9F,HTTPError: HTTP Error 404: Not Found
f-israel-71,בשר בקר טחון 12% שומן,בקר,100 גרם,185,19.5,0,12,0,error,,,,,,,https://www.foodsdictionary.co.il/Products/1/%D7%91%D7%A9%D7%A8%20%D7%91%D7%A7%D7%A8%20%D7%98%D7%97%D7%95%D7%9F%2012%25%20%D7%A9%D7%95%D7%9E%D7%9F,HTTPError: HTTP Error 404: Not Found
f-israel-72,בשר בקר טחון קלאסי 20%,בקר,100 גרם,250,17.5,0,20,0,error,,,,,,,https://www.foodsdictionary.co.il/Products/1/%D7%91%D7%A9%D7%A8%20%D7%91%D7%A7%D7%A8%20%D7%98%D7%97%D7%95%D7%9F%20%D7%A7%D7%9C%D7%90%D7%A1%D7%99%2020%25,HTTPError: HTTP Error 404: Not Found
f-israel-73,סטייק אנטרקוט בגריל,בקר,100 גרם,270,25,0,19,0,error,,,,,,,https://www.foodsdictionary.co.il/Products/1/%D7%A1%D7%98%D7%99%D7%99%D7%A7%20%D7%90%D7%A0%D7%98%D7%A8%D7%A7%D7%95%D7%98%20%D7%91%D7%92%D7%A8%D7%99%D7%9C,HTTPError: HTTP Error 404: Not Found
f-israel-74,סטייק סינטה בקר,בקר,100 גרם,170,27,0,6.5,0,error,,,,,,,https://www.foodsdictionary.co.il/Products/1/%D7%A1%D7%98%D7%99%D7%99%D7%A7%20%D7%A1%D7%99%D7%A0%D7%98%D7%94%20%D7%91%D7%A7%D7%A8,HTTPError: HTTP Error 404: Not Found
f-israel-75,סטייק שייטל בקר,בקר,100 גרם,155,28,0,4.5,0,error,,,,,,,https://www.foodsdictionary.co.il/Products/1/%D7%A1%D7%98%D7%99%D7%99%D7%A7%20%D7%A9%D7%99%D7%99%D7%98%D7%9C%20%D7%91%D7%A7%D7%A8,HTTPError: HTTP Error 404: Not Found
f-israel-76,כתף בקר מס' 5 מבושל,בקר,100 גרם,180,26,0,8,0,error,,,,,,,https://www.foodsdictionary.co.il/Products/1/%D7%9B%D7%AA%D7%A3%20%D7%91%D7%A7%D7%A8%20%D7%9E%D7%A1%27%205%20%D7%9E%D7%91%D7%95%D7%A9%D7%9C,HTTPError: HTTP Error 404: Not Found
f-israel-77,צלי כתף מס' 4,בקר,100 גרם,195,25,0,10,0,error,,,,,,,https://www.foodsdictionary.co.il/Products/1/%D7%A6%D7%9C%D7%99%20%D7%9B%D7%AA%D7%A3%20%D7%9E%D7%A1%27%204,HTTPError: HTTP Error 404: Not Found
f-israel-78,חזה הודו טרי,הודו,100 גרם,105,24,0,1,0,error,,,,,,,https://www.foodsdictionary.co.il/Products/1/%D7%97%D7%96%D7%94%20%D7%94%D7%95%D7%93%D7%95%20%D7%98%D7%A8%D7%99,HTTPError: HTTP Error 404: Not Found
f-israel-79,חזה הודו מבושל,הודו,100 גרם,145,30,0,2.5,0,error,,,,,,,https://www.foodsdictionary.co.il/Products/1/%D7%97%D7%96%D7%94%20%D7%94%D7%95%D7%93%D7%95%20%D7%9E%D7%91%D7%95%D7%A9%D7%9C,HTTPError: HTTP Error 404: Not Found
f-israel-80,שווארמה הודו נקבה,הודו,100 גרם,160,25,0,6.5,0,error,,,,,,,https://www.foodsdictionary.co.il/Products/1/%D7%A9%D7%95%D7%95%D7%90%D7%A8%D7%9E%D7%94%20%D7%94%D7%95%D7%93%D7%95%20%D7%A0%D7%A7%D7%91%D7%94,HTTPError: HTTP Error 404: Not Found
f-israel-81,פסטרמה חזה הודו דלת שומן 1%,נקניקים,100 גרם,95,18,2,1,0,error,,,,,,,https://www.foodsdictionary.co.il/Products/1/%D7%A4%D7%A1%D7%98%D7%A8%D7%9E%D7%94%20%D7%97%D7%96%D7%94%20%D7%94%D7%95%D7%93%D7%95%20%D7%93%D7%9C%D7%AA%20%D7%A9%D7%95%D7%9E%D7%9F%201%25,HTTPError: HTTP Error 404: Not Found
f-israel-82,פסטרמה בדבש 2%,נקניקים,100 גרם,105,17,4,2,0,error,,,,,,,https://www.foodsdictionary.co.il/Products/1/%D7%A4%D7%A1%D7%98%D7%A8%D7%9E%D7%94%20%D7%91%D7%93%D7%91%D7%A9%202%25,HTTPError: HTTP Error 404: Not Found
f-israel-83,פסטרמה מעושנת 3%,נקניקים,100 גרם,110,17,2.5,3,0,error,,,,,,,https://www.foodsdictionary.co.il/Products/1/%D7%A4%D7%A1%D7%98%D7%A8%D7%9E%D7%94%20%D7%9E%D7%A2%D7%95%D7%A9%D7%A0%D7%AA%203%25,HTTPError: HTTP Error 404: Not Found
f-israel-84,נקניק סלמי איטלקי,נקניקים,100 גרם,380,16,1.5,34,0,error,,,,,,,https://www.foodsdictionary.co.il/Products/1/%D7%A0%D7%A7%D7%A0%D7%99%D7%A7%20%D7%A1%D7%9C%D7%9E%D7%99%20%D7%90%D7%99%D7%98%D7%9C%D7%A7%D7%99,HTTPError: HTTP Error 404: Not Found
f-israel-85,נקניקיות עוף - זוגלובק,נקניקיות,יחידה (40g),95,4.5,2.5,7.5,0,error,,,,,,,https://www.foodsdictionary.co.il/Products/1/%D7%A0%D7%A7%D7%A0%D7%99%D7%A7%D7%99%D7%95%D7%AA%20%D7%A2%D7%95%D7%A3%20-%20%D7%96%D7%95%D7%92%D7%9C%D7%95%D7%91%D7%A7,HTTPError: HTTP Error 404: Not Found
f-israel-86,נקניקיות ביס עוף,נקניקיות,100 גרם,240,11,6,19,0,error,,,,,,,https://www.foodsdictionary.co.il/Products/1/%D7%A0%D7%A7%D7%A0%D7%99%D7%A7%D7%99%D7%95%D7%AA%20%D7%91%D7%99%D7%A1%20%D7%A2%D7%95%D7%A3,HTTPError: HTTP Error 404: Not Found
f-israel-87,המבורגר בקר קפוא (שמיר/טיבון),מוצרים קפואים,יחידה (100g),240,16,2,19,0,error,,,,,,,https://www.foodsdictionary.co.il/Products/1/%D7%94%D7%9E%D7%91%D7%95%D7%A8%D7%92%D7%A8%20%D7%91%D7%A7%D7%A8%20%D7%A7%D7%A4%D7%95%D7%90%20%28%D7%A9%D7%9E%D7%99%D7%A8%2F%D7%98%D7%99%D7%91%D7%95%D7%9F%29,HTTPError: HTTP Error 404: Not Found
f-israel-88,שניצל עוף ביתי מצופה פירורים,עוף ובשר,יחידה (120g),260,22,18,11,0.8,error,,,,,,,https://www.foodsdictionary.co.il/Products/1/%D7%A9%D7%A0%D7%99%D7%A6%D7%9C%20%D7%A2%D7%95%D7%A3%20%D7%91%D7%99%D7%AA%D7%99%20%D7%9E%D7%A6%D7%95%D7%A4%D7%94%20%D7%A4%D7%99%D7%A8%D7%95%D7%A8%D7%99%D7%9D,HTTPError: HTTP Error 404: Not Found
f-israel-89,שניצל עוף מוכן קפוא (מאמא עוף),מוצרים קפואים,יחידה (100g),220,14,16,11,0.6,error,,,,,,,https://www.foodsdictionary.co.il/Products/1/%D7%A9%D7%A0%D7%99%D7%A6%D7%9C%20%D7%A2%D7%95%D7%A3%20%D7%9E%D7%95%D7%9B%D7%9F%20%D7%A7%D7%A4%D7%95%D7%90%20%28%D7%9E%D7%90%D7%9E%D7%90%20%D7%A2%D7%95%D7%A3%29,HTTPError: HTTP Error 404: Not Found
f-israel-90,קופסת טונה במים (מסונן),דגים,קופסה (112g),120,26,0,1.2,0,error,,,,,,,https://www.foodsdictionary.co.il/Products/1/%D7%A7%D7%95%D7%A4%D7%A1%D7%AA%20%D7%98%D7%95%D7%A0%D7%94%20%D7%91%D7%9E%D7%99%D7%9D%20%28%D7%9E%D7%A1%D7%95%D7%A0%D7%9F%29,HTTPError: HTTP Error 404: Not Found
f-israel-91,קופסת טונה בשמן צמחי (מסונן),דגים,קופסה (112g),190,25,0,10,0,error,,,,,,,https://www.foodsdictionary.co.il/Products/1/%D7%A7%D7%95%D7%A4%D7%A1%D7%AA%20%D7%98%D7%95%D7%A0%D7%94%20%D7%91%D7%A9%D7%9E%D7%9F%20%D7%A6%D7%9E%D7%97%D7%99%20%28%D7%9E%D7%A1%D7%95%D7%A0%D7%9F%29,HTTPError: HTTP Error 404: Not Found
f-israel-92,טונה בשמן זית (מסונן),דגים,קופסה (112g),200,25,0,11,0,error,,,,,,,https://www.foodsdictionary.co.il/Products/1/%D7%98%D7%95%D7%A0%D7%94%20%D7%91%D7%A9%D7%9E%D7%9F%20%D7%96%D7%99%D7%AA%20%28%D7%9E%D7%A1%D7%95%D7%A0%D7%9F%29,HTTPError: HTTP Error 404: Not Found
f-israel-93,פילה סלמון טרי (נא),דגים,100 גרם,208,20,0,13,0,error,,,,,,,https://www.foodsdictionary.co.il/Products/1/%D7%A4%D7%99%D7%9C%D7%94%20%D7%A1%D7%9C%D7%9E%D7%95%D7%9F%20%D7%98%D7%A8%D7%99%20%28%D7%A0%D7%90%29,HTTPError: HTTP Error 404: Not Found
f-israel-94,פילה סלמון בתנור,דגים,100 גרם,230,23,0,14.5,0,error,,,,,,,https://www.foodsdictionary.co.il/Products/1/%D7%A4%D7%99%D7%9C%D7%94%20%D7%A1%D7%9C%D7%9E%D7%95%D7%9F%20%D7%91%D7%AA%D7%A0%D7%95%D7%A8,HTTPError: HTTP Error 404: Not Found
f-israel-95,סלמון מעושן (סלמון מעושן פרוס),דגים,100 גרם,180,22,0,10,0,error,,,,,,,https://www.foodsdictionary.co.il/Products/1/%D7%A1%D7%9C%D7%9E%D7%95%D7%9F%20%D7%9E%D7%A2%D7%95%D7%A9%D7%9F%20%28%D7%A1%D7%9C%D7%9E%D7%95%D7%9F%20%D7%9E%D7%A2%D7%95%D7%A9%D7%9F%20%D7%A4%D7%A8%D7%95%D7%A1%29,HTTPError: HTTP Error 404: Not Found
f-israel-96,פילה אמנון (מושט) בתנור,דגים,100 גרם,128,23,0,3.5,0,error,,,,,,,https://www.foodsdictionary.co.il/Products/1/%D7%A4%D7%99%D7%9C%D7%94%20%D7%90%D7%9E%D7%A0%D7%95%D7%9F%20%28%D7%9E%D7%95%D7%A9%D7%98%29%20%D7%91%D7%AA%D7%A0%D7%95%D7%A8,HTTPError: HTTP Error 404: Not Found
f-israel-97,פילה דניס בתנור,דגים,100 גרם,160,20,0,8.5,0,error,,,,,,,https://www.foodsdictionary.co.il/Products/1/%D7%A4%D7%99%D7%9C%D7%94%20%D7%93%D7%A0%D7%99%D7%A1%20%D7%91%D7%AA%D7%A0%D7%95%D7%A8,HTTPError: HTTP Error 404: Not Found
f-israel-98,פילה לברק בתנור,דגים,100 גרם,145,21,0,6.5,0,error,,,,,,,https://www.foodsdictionary.co.il/Products/1/%D7%A4%D7%99%D7%9C%D7%94%20%D7%9C%D7%91%D7%A8%D7%A7%20%D7%91%D7%AA%D7%A0%D7%95%D7%A8,HTTPError: HTTP Error 404: Not Found
f-israel-99,סרדינים בשמן (מקופסה),דגים,100 גרם,210,24,0,12,0,error,,,,,,,https://www.foodsdictionary.co.il/Products/1/%D7%A1%D7%A8%D7%93%D7%99%D7%A0%D7%99%D7%9D%20%D7%91%D7%A9%D7%9E%D7%9F%20%28%D7%9E%D7%A7%D7%95%D7%A4%D7%A1%D7%94%29,HTTPError: HTTP Error 404: Not Found
f-israel-100,מקרל מעושן,דגים,100 גרם,260,20,0,20,0,error,,,,,,,https://www.foodsdictionary.co.il/Products/1/%D7%9E%D7%A7%D7%A8%D7%9C%20%D7%9E%D7%A2%D7%95%D7%A9%D7%9F,HTTPError: HTTP Error 404: Not Found
f-israel-101,פילה נסיכת הנילוס,דגים,100 גרם,95,19,0,2,0,error,,,,,,,https://www.foodsdictionary.co.il/Products/1/%D7%A4%D7%99%D7%9C%D7%94%20%D7%A0%D7%A1%D7%99%D7%9B%D7%AA%20%D7%94%D7%A0%D7%99%D7%9C%D7%95%D7%A1,HTTPError: HTTP Error 404: Not Found
f-israel-102,קוד / סול אפוי,דגים,100 גרם,90,19,0,1,0,error,,,,,,,https://www.foodsdictionary.co.il/Products/1/%D7%A7%D7%95%D7%93%20%2F%20%D7%A1%D7%95%D7%9C%20%D7%90%D7%A4%D7%95%D7%99,HTTPError: HTTP Error 404: Not Found
f-israel-103,אצבעות דג מצופות (דגיתון),דגים,100 גרם,210,12,18,10,0.5,error,,,,,,,https://www.foodsdictionary.co.il/Products/1/%D7%90%D7%A6%D7%91%D7%A2%D7%95%D7%AA%20%D7%93%D7%92%20%D7%9E%D7%A6%D7%95%D7%A4%D7%95%D7%AA%20%28%D7%93%D7%92%D7%99%D7%AA%D7%95%D7%9F%29,HTTPError: HTTP Error 404: Not Found
f-israel-104,אדממה / Edamame (תרמילי סויה),קטניות,100 גרם,121,11.9,8.9,5.2,5.2,error,,,,,,,https://www.foodsdictionary.co.il/Products/1/%D7%90%D7%93%D7%9E%D7%9E%D7%94%20%2F%20Edamame%20%28%D7%AA%D7%A8%D7%9E%D7%99%D7%9C%D7%99%20%D7%A1%D7%95%D7%99%D7%94%29,HTTPError: HTTP Error 404: Not Found
f-israel-105,אדממה קלוף קפוא,קטניות,100 גרם,130,12.5,9.5,5.5,5.5,error,,,,,,,https://www.foodsdictionary.co.il/Products/1/%D7%90%D7%93%D7%9E%D7%9E%D7%94%20%D7%A7%D7%9C%D7%95%D7%A3%20%D7%A7%D7%A4%D7%95%D7%90,HTTPError: HTTP Error 404: Not Found
f-israel-106,טופו קלאסי - תנובה / אדמה,תחליפי בשר,100 גרם,140,14,2.5,8.5,1.2,error,,,,,,,https://www.foodsdictionary.co.il/Products/1/%D7%98%D7%95%D7%A4%D7%95%20%D7%A7%D7%9C%D7%90%D7%A1%D7%99%20-%20%D7%AA%D7%A0%D7%95%D7%91%D7%94%20%2F%20%D7%90%D7%93%D7%9E%D7%94,HTTPError: HTTP Error 404: Not Found
f-israel-107,טופו במרקם רך (סילקן),תחליפי בשר,100 גרם,60,6.5,1.8,2.8,0.5,error,,,,,,,https://www.foodsdictionary.co.il/Products/1/%D7%98%D7%95%D7%A4%D7%95%20%D7%91%D7%9E%D7%A8%D7%A7%D7%9D%20%D7%A8%D7%9A%20%28%D7%A1%D7%99%D7%9C%D7%A7%D7%9F%29,HTTPError: HTTP Error 404: Not Found
f-israel-108,שבבי סויה יבשים (בונזואל),תחליפי בשר,100 גרם,330,50,30,1.2,18,error,,,,,,,https://www.foodsdictionary.co.il/Products/1/%D7%A9%D7%91%D7%91%D7%99%20%D7%A1%D7%95%D7%99%D7%94%20%D7%99%D7%91%D7%A9%D7%99%D7%9D%20%28%D7%91%D7%95%D7%A0%D7%96%D7%95%D7%90%D7%9C%29,HTTPError: HTTP Error 404: Not Found
f-israel-109,טבעול שניצל תירס,תחליפי בשר,יחידה (100g),210,7.5,24,9.5,4,error,,,,,,,https://www.foodsdictionary.co.il/Products/1/%D7%98%D7%91%D7%A2%D7%95%D7%9C%20%D7%A9%D7%A0%D7%99%D7%A6%D7%9C%20%D7%AA%D7%99%D7%A8%D7%A1,HTTPError: HTTP Error 404: Not Found
f-israel-110,טבעול שניצל צמחוני קלאסי,תחליפי בשר,יחידה (100g),190,13,14,9,4.5,error,,,,,,,https://www.foodsdictionary.co.il/Products/1/%D7%98%D7%91%D7%A2%D7%95%D7%9C%20%D7%A9%D7%A0%D7%99%D7%A6%D7%9C%20%D7%A6%D7%9E%D7%97%D7%95%D7%A0%D7%99%20%D7%A7%D7%9C%D7%90%D7%A1%D7%99,HTTPError: HTTP Error 404: Not Found
f-israel-111,בורגר סויה Sensational / Beyond,תחליפי בשר,יחידה (113g),250,19,5,17,5,error,,,,,,,https://www.foodsdictionary.co.il/Products/1/%D7%91%D7%95%D7%A8%D7%92%D7%A8%20%D7%A1%D7%95%D7%99%D7%94%20Sensational%20%2F%20Beyond,HTTPError: HTTP Error 404: Not Found
f-israel-112,אורז לבן מבושל,דגנים ופחמימות,100 גרם,130,2.5,28,0.3,0.4,error,,,,,,,https://www.foodsdictionary.co.il/Products/1/%D7%90%D7%95%D7%A8%D7%96%20%D7%9C%D7%91%D7%9F%20%D7%9E%D7%91%D7%95%D7%A9%D7%9C,HTTPError: HTTP Error 404: Not Found
f-israel-113,אורז בסמטי מבושל,דגנים ופחמימות,100 גרם,125,2.6,27,0.4,0.6,error,,,,,,,https://www.foodsdictionary.co.il/Products/1/%D7%90%D7%95%D7%A8%D7%96%20%D7%91%D7%A1%D7%9E%D7%98%D7%99%20%D7%9E%D7%91%D7%95%D7%A9%D7%9C,HTTPError: HTTP Error 404: Not Found
f-israel-114,אורז יסמין מבושל,דגנים ופחמימות,100 גרם,130,2.4,28.5,0.3,0.4,error,,,,,,,https://www.foodsdictionary.co.il/Products/1/%D7%90%D7%95%D7%A8%D7%96%20%D7%99%D7%A1%D7%9E%D7%99%D7%9F%20%D7%9E%D7%91%D7%95%D7%A9%D7%9C,HTTPError: HTTP Error 404: Not Found
f-israel-115,אורז מלא מבושל,דגנים ופחמימות,100 גרם,112,2.6,23.5,0.9,1.8,error,,,,,,,https://www.foodsdictionary.co.il/Products/1/%D7%90%D7%95%D7%A8%D7%96%20%D7%9E%D7%9C%D7%90%20%D7%9E%D7%91%D7%95%D7%A9%D7%9C,HTTPError: HTTP Error 404: Not Found
f-israel-116,אורז אדום / שחור מבושל,דגנים ופחמימות,100 גרם,115,2.8,24,0.8,2.2,error,,,,,,,https://www.foodsdictionary.co.il/Products/1/%D7%90%D7%95%D7%A8%D7%96%20%D7%90%D7%93%D7%95%D7%9D%20%2F%20%D7%A9%D7%97%D7%95%D7%A8%20%D7%9E%D7%91%D7%95%D7%A9%D7%9C,HTTPError: HTTP Error 404: Not Found
f-israel-117,פסטה לבנה מבושלת,דגנים ופחמימות,100 גרם,158,5.8,31,0.9,1.8,error,,,,,,,https://www.foodsdictionary.co.il/Products/1/%D7%A4%D7%A1%D7%98%D7%94%20%D7%9C%D7%91%D7%A0%D7%94%20%D7%9E%D7%91%D7%95%D7%A9%D7%9C%D7%AA,HTTPError: HTTP Error 404: Not Found
f-israel-118,פסטה מקמח מלא מבושלת,דגנים ופחמימות,100 גרם,140,6.2,27,1.2,4.2,error,,,,,,,https://www.foodsdictionary.co.il/Products/1/%D7%A4%D7%A1%D7%98%D7%94%20%D7%9E%D7%A7%D7%9E%D7%97%20%D7%9E%D7%9C%D7%90%20%D7%9E%D7%91%D7%95%D7%A9%D7%9C%D7%AA,HTTPError: HTTP Error 404: Not Found
f-israel-119,פסטה כוסמין מבושלת,דגנים ופחמימות,100 גרם,145,6,28,1.1,3.8,error,,,,,,,https://www.foodsdictionary.co.il/Products/1/%D7%A4%D7%A1%D7%98%D7%94%20%D7%9B%D7%95%D7%A1%D7%9E%D7%99%D7%9F%20%D7%9E%D7%91%D7%95%D7%A9%D7%9C%D7%AA,HTTPError: HTTP Error 404: Not Found
f-israel-120,קוסקוס מבושל,דגנים ופחמימות,100 גרם,112,3.8,23.2,0.2,1.4,values,קוסקוס מבושל,112.0,3.79,23.22,0.16,1.4,https://www.foodsdictionary.co.il/Products/1/%D7%A7%D7%95%D7%A1%D7%A7%D7%95%D7%A1%20%D7%9E%D7%91%D7%95%D7%A9%D7%9C,
f-israel-121,קוסקוס מלא מבושל,דגנים ופחמימות,100 גרם,118,4.2,23.5,0.6,3.2,error,,,,,,,https://www.foodsdictionary.co.il/Products/1/%D7%A7%D7%95%D7%A1%D7%A7%D7%95%D7%A1%20%D7%9E%D7%9C%D7%90%20%D7%9E%D7%91%D7%95%D7%A9%D7%9C,HTTPError: HTTP Error 404: Not Found
f-israel-122,בורגול מבושל,דגנים ופחמימות,100 גרם,83,3.1,18.6,0.2,4.5,values,בורגול מבושל,83.0,3.08,18.58,0.24,4.5,https://www.foodsdictionary.co.il/Products/1/%D7%91%D7%95%D7%A8%D7%92%D7%95%D7%9C%20%D7%9E%D7%91%D7%95%D7%A9%D7%9C,
f-israel-123,קינואה מבושלת,דגנים ופחמימות,100 גרם,120,4.4,21.3,1.9,2.8,values,קינואה מבושלת,120.0,4.4,21.3,1.92,2.8,https://www.foodsdictionary.co.il/Products/1/%D7%A7%D7%99%D7%A0%D7%95%D7%90%D7%94%20%D7%9E%D7%91%D7%95%D7%A9%D7%9C%D7%AA,
f-israel-124,כוסמת ירוקה / קלויה מבושלת,דגנים ופחמימות,100 גרם,92,3.4,19.9,0.6,2.7,error,,,,,,,https://www.foodsdictionary.co.il/Products/1/%D7%9B%D7%95%D7%A1%D7%9E%D7%AA%20%D7%99%D7%A8%D7%95%D7%A7%D7%94%20%2F%20%D7%A7%D7%9C%D7%95%D7%99%D7%94%20%D7%9E%D7%91%D7%95%D7%A9%D7%9C%D7%AA,HTTPError: HTTP Error 404: Not Found
f-israel-125,שיבולת שועל להכנה מהירה (קוואקר),דגנים ופחמימות,100 גרם,389,17,66,7,10,error,,,,,,,https://www.foodsdictionary.co.il/Products/1/%D7%A9%D7%99%D7%91%D7%95%D7%9C%D7%AA%20%D7%A9%D7%95%D7%A2%D7%9C%20%D7%9C%D7%94%D7%9B%D7%A0%D7%94%20%D7%9E%D7%94%D7%99%D7%A8%D7%94%20%28%D7%A7%D7%95%D7%95%D7%90%D7%A7%D7%A8%29,HTTPError: HTTP Error 404: Not Found
f-israel-126,קוואקר - מנה מדודה,דגנים ופחמימות,כף גדושה (15g),58,2.5,9.9,1,1.5,error,,,,,,,https://www.foodsdictionary.co.il/Products/1/%D7%A7%D7%95%D7%95%D7%90%D7%A7%D7%A8%20-%20%D7%9E%D7%A0%D7%94%20%D7%9E%D7%93%D7%95%D7%93%D7%94,HTTPError: HTTP Error 404: Not Found
f-israel-127,פתיתים אפויים מבושלים,דגנים ופחמימות,100 גרם,150,5,30,0.8,1.5,error,,,,,,,https://www.foodsdictionary.co.il/Products/1/%D7%A4%D7%AA%D7%99%D7%AA%D7%99%D7%9D%20%D7%90%D7%A4%D7%95%D7%99%D7%99%D7%9D%20%D7%9E%D7%91%D7%95%D7%A9%D7%9C%D7%99%D7%9D,HTTPError: HTTP Error 404: Not Found
f-israel-128,תפוחי אדמה אפויים / מבושלים,דגנים ופחמימות,100 גרם,87,1.9,20,0.1,1.8,error,,,,,,,https://www.foodsdictionary.co.il/Products/1/%D7%AA%D7%A4%D7%95%D7%97%D7%99%20%D7%90%D7%93%D7%9E%D7%94%20%D7%90%D7%A4%D7%95%D7%99%D7%99%D7%9D%20%2F%20%D7%9E%D7%91%D7%95%D7%A9%D7%9C%D7%99%D7%9D,HTTPError: HTTP Error 404: Not Found
f-israel-129,פירה תפוחי אדמה עם חלב וחמאה,דגנים ופחמימות,100 גרם,110,2,17,4.2,1.5,error,,,,,,,https://www.foodsdictionary.co.il/Products/1/%D7%A4%D7%99%D7%A8%D7%94%20%D7%AA%D7%A4%D7%95%D7%97%D7%99%20%D7%90%D7%93%D7%9E%D7%94%20%D7%A2%D7%9D%20%D7%97%D7%9C%D7%91%20%D7%95%D7%97%D7%9E%D7%90%D7%94,HTTPError: HTTP Error 404: Not Found
f-israel-130,בטטה אפויה בתנור,דגנים ופחמימות,100 גרם,90,2,21,0.2,3,error,,,,,,,https://www.foodsdictionary.co.il/Products/1/%D7%91%D7%98%D7%98%D7%94%20%D7%90%D7%A4%D7%95%D7%99%D7%94%20%D7%91%D7%AA%D7%A0%D7%95%D7%A8,HTTPError: HTTP Error 404: Not Found
f-israel-131,תירס מתוק מקופסה (מסונן),דגנים ופחמימות,100 גרם,80,2.8,16,1.2,2.4,error,,,,,,,https://www.foodsdictionary.co.il/Products/1/%D7%AA%D7%99%D7%A8%D7%A1%20%D7%9E%D7%AA%D7%95%D7%A7%20%D7%9E%D7%A7%D7%95%D7%A4%D7%A1%D7%94%20%28%D7%9E%D7%A1%D7%95%D7%A0%D7%9F%29,HTTPError: HTTP Error 404: Not Found
f-israel-132,קלח תירס מבושל,דגנים ופחמימות,יחידה בינונית (100g),96,3.4,21,1.5,2.4,error,,,,,,,https://www.foodsdictionary.co.il/Products/1/%D7%A7%D7%9C%D7%97%20%D7%AA%D7%99%D7%A8%D7%A1%20%D7%9E%D7%91%D7%95%D7%A9%D7%9C,HTTPError: HTTP Error 404: Not Found
f-israel-133,לחם אחיד פרוס (אנג'ל / ברמן),לחמים,פרוסה (35g),82,3,15.5,0.7,1.2,error,,,,,,,https://www.foodsdictionary.co.il/Products/1/%D7%9C%D7%97%D7%9D%20%D7%90%D7%97%D7%99%D7%93%20%D7%A4%D7%A8%D7%95%D7%A1%20%28%D7%90%D7%A0%D7%92%27%D7%9C%20%2F%20%D7%91%D7%A8%D7%9E%D7%9F%29,HTTPError: HTTP Error 404: Not Found
f-israel-134,לחם מקמח חיטה מלאה 100%,לחמים,פרוסה (35g),75,3.8,13,0.8,2.8,error,,,,,,,https://www.foodsdictionary.co.il/Products/1/%D7%9C%D7%97%D7%9D%20%D7%9E%D7%A7%D7%9E%D7%97%20%D7%97%D7%99%D7%98%D7%94%20%D7%9E%D7%9C%D7%90%D7%94%20100%25,HTTPError: HTTP Error 404: Not Found
f-israel-135,לחם כוסמין 100%,לחמים,פרוסה (35g),78,3.9,13.5,0.9,3,error,,,,,,,https://www.foodsdictionary.co.il/Products/1/%D7%9C%D7%97%D7%9D%20%D7%9B%D7%95%D7%A1%D7%9E%D7%99%D7%9F%20100%25,HTTPError: HTTP Error 404: Not Found
f-israel-136,לחם קל (אנג'ל/ברמן),לחמים,פרוסה (25g),45,2.2,8,0.4,2.2,error,,,,,,,https://www.foodsdictionary.co.il/Products/1/%D7%9C%D7%97%D7%9D%20%D7%A7%D7%9C%20%28%D7%90%D7%A0%D7%92%27%D7%9C%2F%D7%91%D7%A8%D7%9E%D7%9F%29,HTTPError: HTTP Error 404: Not Found
f-israel-137,לחם מחמצת כפרי,לחמים,פרוסה (40g),100,3.8,19,0.8,1.8,error,,,,,,,https://www.foodsdictionary.co.il/Products/1/%D7%9C%D7%97%D7%9D%20%D7%9E%D7%97%D7%9E%D7%A6%D7%AA%20%D7%9B%D7%A4%D7%A8%D7%99,HTTPError: HTTP Error 404: Not Found
f-israel-138,פיתה קלאסית מקמח לבן,לחמים,יחידה (100g),260,9,53,1.2,2.5,error,,,,,,,https://www.foodsdictionary.co.il/Products/1/%D7%A4%D7%99%D7%AA%D7%94%20%D7%A7%D7%9C%D7%90%D7%A1%D7%99%D7%AA%20%D7%9E%D7%A7%D7%9E%D7%97%20%D7%9C%D7%91%D7%9F,HTTPError: HTTP Error 404: Not Found
f-israel-139,פיתה מקמח מלא,לחמים,יחידה (100g),235,10,46,1.5,6,error,,,,,,,https://www.foodsdictionary.co.il/Products/1/%D7%A4%D7%99%D7%AA%D7%94%20%D7%9E%D7%A7%D7%9E%D7%97%20%D7%9E%D7%9C%D7%90,HTTPError: HTTP Error 404: Not Found
f-israel-140,פיתה כוסמין קלה,לחמים,יחידה (60g),125,6.5,22,0.8,5,error,,,,,,,https://www.foodsdictionary.co.il/Products/1/%D7%A4%D7%99%D7%AA%D7%94%20%D7%9B%D7%95%D7%A1%D7%9E%D7%99%D7%9F%20%D7%A7%D7%9C%D7%94,HTTPError: HTTP Error 404: Not Found
f-israel-141,פיתה ביס / פיתה קטנה,לחמים,יחידה (50g),130,4.5,26.5,0.6,1.2,error,,,,,,,https://www.foodsdictionary.co.il/Products/1/%D7%A4%D7%99%D7%AA%D7%94%20%D7%91%D7%99%D7%A1%20%2F%20%D7%A4%D7%99%D7%AA%D7%94%20%D7%A7%D7%98%D7%A0%D7%94,HTTPError: HTTP Error 404: Not Found
f-israel-142,לחמנייה מתוקה / לחמניית המבורגר,לחמים,יחידה (80g),230,7,43,3.5,1.5,error,,,,,,,https://www.foodsdictionary.co.il/Products/1/%D7%9C%D7%97%D7%9E%D7%A0%D7%99%D7%99%D7%94%20%D7%9E%D7%AA%D7%95%D7%A7%D7%94%20%2F%20%D7%9C%D7%97%D7%9E%D7%A0%D7%99%D7%99%D7%AA%20%D7%94%D7%9E%D7%91%D7%95%D7%A8%D7%92%D7%A8,HTTPError: HTTP Error 404: Not Found
f-israel-143,לחמנייה קלה מקמח מלא,לחמים,יחידה (60g),115,6,20,1,5.5,error,,,,,,,https://www.foodsdictionary.co.il/Products/1/%D7%9C%D7%97%D7%9E%D7%A0%D7%99%D7%99%D7%94%20%D7%A7%D7%9C%D7%94%20%D7%9E%D7%A7%D7%9E%D7%97%20%D7%9E%D7%9C%D7%90,HTTPError: HTTP Error 404: Not Found
f-israel-144,טורטייה חיטה (מאסטר שף / שופרסל),לחמים,יחידה (45g),135,3.6,23,3,1.2,error,,,,,,,https://www.foodsdictionary.co.il/Products/1/%D7%98%D7%95%D7%A8%D7%98%D7%99%D7%99%D7%94%20%D7%97%D7%99%D7%98%D7%94%20%28%D7%9E%D7%90%D7%A1%D7%98%D7%A8%20%D7%A9%D7%A3%20%2F%20%D7%A9%D7%95%D7%A4%D7%A8%D7%A1%D7%9C%29,HTTPError: HTTP Error 404: Not Found
f-israel-145,טורטייה מקמח מלא,לחמים,יחידה (45g),125,4,21,2.8,3.2,error,,,,,,,https://www.foodsdictionary.co.il/Products/1/%D7%98%D7%95%D7%A8%D7%98%D7%99%D7%99%D7%94%20%D7%9E%D7%A7%D7%9E%D7%97%20%D7%9E%D7%9C%D7%90,HTTPError: HTTP Error 404: Not Found
f-israel-146,פריכיות אורז חום קלאסיות,תחליפי לחם,יחידה (8g),30,0.7,6.3,0.2,0.5,error,,,,,,,https://www.foodsdictionary.co.il/Products/1/%D7%A4%D7%A8%D7%99%D7%9B%D7%99%D7%95%D7%AA%20%D7%90%D7%95%D7%A8%D7%96%20%D7%97%D7%95%D7%9D%20%D7%A7%D7%9C%D7%90%D7%A1%D7%99%D7%95%D7%AA,HTTPError: HTTP Error 404: Not Found
f-israel-147,פריכיות אורז עם מלח ים,תחליפי לחם,יחידה (8g),30,0.7,6.3,0.2,0.5,error,,,,,,,https://www.foodsdictionary.co.il/Products/1/%D7%A4%D7%A8%D7%99%D7%9B%D7%99%D7%95%D7%AA%20%D7%90%D7%95%D7%A8%D7%96%20%D7%A2%D7%9D%20%D7%9E%D7%9C%D7%97%20%D7%99%D7%9D,HTTPError: HTTP Error 404: Not Found
f-israel-148,פריכיות תירס קראנצ',תחליפי לחם,יחידה (7g),26,0.6,5.6,0.2,0.4,error,,,,,,,https://www.foodsdictionary.co.il/Products/1/%D7%A4%D7%A8%D7%99%D7%9B%D7%99%D7%95%D7%AA%20%D7%AA%D7%99%D7%A8%D7%A1%20%D7%A7%D7%A8%D7%90%D7%A0%D7%A6%27,HTTPError: HTTP Error 404: Not Found
f-israel-149,פריכיות כוסמין מלא,תחליפי לחם,יחידה (8g),29,0.9,5.8,0.2,0.8,error,,,,,,,https://www.foodsdictionary.co.il/Products/1/%D7%A4%D7%A8%D7%99%D7%9B%D7%99%D7%95%D7%AA%20%D7%9B%D7%95%D7%A1%D7%9E%D7%99%D7%9F%20%D7%9E%D7%9C%D7%90,HTTPError: HTTP Error 404: Not Found
f-israel-150,פריכיות דקות / מיני פריכיות,תחליפי לחם,יחידה (3g),11,0.3,2.3,0.1,0.2,error,,,,,,,https://www.foodsdictionary.co.il/Products/1/%D7%A4%D7%A8%D7%99%D7%9B%D7%99%D7%95%D7%AA%20%D7%93%D7%A7%D7%95%D7%AA%20%2F%20%D7%9E%D7%99%D7%A0%D7%99%20%D7%A4%D7%A8%D7%99%D7%9B%D7%99%D7%95%D7%AA,HTTPError: HTTP Error 404: Not Found
f-israel-151,פתית זהב קלאסי (מאסטר שף),תחליפי לחם,פרוסה (7g),26,0.8,5.2,0.2,0.5,error,,,,,,,https://www.foodsdictionary.co.il/Products/1/%D7%A4%D7%AA%D7%99%D7%AA%20%D7%96%D7%94%D7%91%20%D7%A7%D7%9C%D7%90%D7%A1%D7%99%20%28%D7%9E%D7%90%D7%A1%D7%98%D7%A8%20%D7%A9%D7%A3%29,HTTPError: HTTP Error 404: Not Found
f-israel-152,קרקר זהב / קרקר דגנים,תחליפי לחם,יחידה (10g),42,1,6.5,1.3,0.6,error,,,,,,,https://www.foodsdictionary.co.il/Products/1/%D7%A7%D7%A8%D7%A7%D7%A8%20%D7%96%D7%94%D7%91%20%2F%20%D7%A7%D7%A8%D7%A7%D7%A8%20%D7%93%D7%92%D7%A0%D7%99%D7%9D,HTTPError: HTTP Error 404: Not Found
f-israel-153,בייגלה שמיניות (אסם),חטיפים,100 גרם,380,10,75,3.5,3,error,,,,,,,https://www.foodsdictionary.co.il/Products/1/%D7%91%D7%99%D7%99%D7%92%D7%9C%D7%94%20%D7%A9%D7%9E%D7%99%D7%A0%D7%99%D7%95%D7%AA%20%28%D7%90%D7%A1%D7%9D%29,HTTPError: HTTP Error 404: Not Found
f-israel-154,בייגלה שטוחים (אסם),חטיפים,100 גרם,390,10.5,76,4,3.2,error,,,,,,,https://www.foodsdictionary.co.il/Products/1/%D7%91%D7%99%D7%99%D7%92%D7%9C%D7%94%20%D7%A9%D7%98%D7%95%D7%97%D7%99%D7%9D%20%28%D7%90%D7%A1%D7%9D%29,HTTPError: HTTP Error 404: Not Found
f-israel-155,דגני בוקר קורנפלקס תלמה,דגני בוקר,100 גרם,370,7.5,84,0.8,3,error,,,,,,,https://www.foodsdictionary.co.il/Products/1/%D7%93%D7%92%D7%A0%D7%99%20%D7%91%D7%95%D7%A7%D7%A8%20%D7%A7%D7%95%D7%A8%D7%A0%D7%A4%D7%9C%D7%A7%D7%A1%20%D7%AA%D7%9C%D7%9E%D7%94,HTTPError: HTTP Error 404: Not Found
f-israel-156,דגני בוקר כריות שוקולד (תלמה),דגני בוקר,100 גרם,450,6,72,15,4,error,,,,,,,https://www.foodsdictionary.co.il/Products/1/%D7%93%D7%92%D7%A0%D7%99%20%D7%91%D7%95%D7%A7%D7%A8%20%D7%9B%D7%A8%D7%99%D7%95%D7%AA%20%D7%A9%D7%95%D7%A7%D7%95%D7%9C%D7%93%20%28%D7%AA%D7%9C%D7%9E%D7%94%29,HTTPError: HTTP Error 404: Not Found
f-israel-157,דגני בוקר צ'יריוס דבש ואגוזים,דגני בוקר,100 גרם,385,7,78,4.5,5,error,,,,,,,https://www.foodsdictionary.co.il/Products/1/%D7%93%D7%92%D7%A0%D7%99%20%D7%91%D7%95%D7%A7%D7%A8%20%D7%A6%27%D7%99%D7%A8%D7%99%D7%95%D7%A1%20%D7%93%D7%91%D7%A9%20%D7%95%D7%90%D7%92%D7%95%D7%96%D7%99%D7%9D,HTTPError: HTTP Error 404: Not Found
f-israel-158,דגני בוקר פיטנס טבעי (נסטלה),דגני בוקר,100 גרם,365,9,74,2,7,error,,,,,,,https://www.foodsdictionary.co.il/Products/1/%D7%93%D7%92%D7%A0%D7%99%20%D7%91%D7%95%D7%A7%D7%A8%20%D7%A4%D7%99%D7%98%D7%A0%D7%A1%20%D7%98%D7%91%D7%A2%D7%99%20%28%D7%A0%D7%A1%D7%98%D7%9C%D7%94%29,HTTPError: HTTP Error 404: Not Found
f-israel-159,גרנולה ביתית / דגנים מלאים עם אגוזים,דגני בוקר,100 גרם,440,11,58,17,8,error,,,,,,,https://www.foodsdictionary.co.il/Products/1/%D7%92%D7%A8%D7%A0%D7%95%D7%9C%D7%94%20%D7%91%D7%99%D7%AA%D7%99%D7%AA%20%2F%20%D7%93%D7%92%D7%A0%D7%99%D7%9D%20%D7%9E%D7%9C%D7%90%D7%99%D7%9D%20%D7%A2%D7%9D%20%D7%90%D7%92%D7%95%D7%96%D7%99%D7%9D,HTTPError: HTTP Error 404: Not Found
f-israel-160,גרנולה ללא תוספת סוכר,דגני בוקר,100 גרם,390,13,52,14,10,error,,,,,,,https://www.foodsdictionary.co.il/Products/1/%D7%92%D7%A8%D7%A0%D7%95%D7%9C%D7%94%20%D7%9C%D7%9C%D7%90%20%D7%AA%D7%95%D7%A1%D7%A4%D7%AA%20%D7%A1%D7%95%D7%9B%D7%A8,HTTPError: HTTP Error 404: Not Found
f-israel-161,עדשים ירוקות / חומות מבושלות,קטניות,100 גרם,116,9,20,0.4,7.8,error,,,,,,,https://www.foodsdictionary.co.il/Products/1/%D7%A2%D7%93%D7%A9%D7%99%D7%9D%20%D7%99%D7%A8%D7%95%D7%A7%D7%95%D7%AA%20%2F%20%D7%97%D7%95%D7%9E%D7%95%D7%AA%20%D7%9E%D7%91%D7%95%D7%A9%D7%9C%D7%95%D7%AA,HTTPError: HTTP Error 404: Not Found
f-israel-162,עדשים אדומות מבושלות,קטניות,100 גרם,115,8.8,19.5,0.4,5,error,,,,,,,https://www.foodsdictionary.co.il/Products/1/%D7%A2%D7%93%D7%A9%D7%99%D7%9D%20%D7%90%D7%93%D7%95%D7%9E%D7%95%D7%AA%20%D7%9E%D7%91%D7%95%D7%A9%D7%9C%D7%95%D7%AA,HTTPError: HTTP Error 404: Not Found
f-israel-163,גרגירי חומוס מבושלים,קטניות,100 גרם,164,8.9,27,2.6,7.6,error,,,,,,,https://www.foodsdictionary.co.il/Products/1/%D7%92%D7%A8%D7%92%D7%99%D7%A8%D7%99%20%D7%97%D7%95%D7%9E%D7%95%D7%A1%20%D7%9E%D7%91%D7%95%D7%A9%D7%9C%D7%99%D7%9D,HTTPError: HTTP Error 404: Not Found
f-israel-164,גרגירי חומוס מוקפאים (סנפרוסט),קטניות,100 גרם,150,8.2,24,2.2,7,error,,,,,,,https://www.foodsdictionary.co.il/Products/1/%D7%92%D7%A8%D7%92%D7%99%D7%A8%D7%99%20%D7%97%D7%95%D7%9E%D7%95%D7%A1%20%D7%9E%D7%95%D7%A7%D7%A4%D7%90%D7%99%D7%9D%20%28%D7%A1%D7%A0%D7%A4%D7%A8%D7%95%D7%A1%D7%98%29,HTTPError: HTTP Error 404: Not Found
f-israel-165,שעועית לבנה מבושלת,קטניות,100 גרם,127,8.7,22.8,0.5,6.4,error,,,,,,,https://www.foodsdictionary.co.il/Products/1/%D7%A9%D7%A2%D7%95%D7%A2%D7%99%D7%AA%20%D7%9C%D7%91%D7%A0%D7%94%20%D7%9E%D7%91%D7%95%D7%A9%D7%9C%D7%AA,HTTPError: HTTP Error 404: Not Found
f-israel-166,שעועית אדומה מבושלת,קטניות,100 גרם,125,8.5,22.5,0.5,6.5,error,,,,,,,https://www.foodsdictionary.co.il/Products/1/%D7%A9%D7%A2%D7%95%D7%A2%D7%99%D7%AA%20%D7%90%D7%93%D7%95%D7%9E%D7%94%20%D7%9E%D7%91%D7%95%D7%A9%D7%9C%D7%AA,HTTPError: HTTP Error 404: Not Found
f-israel-167,אפונה ירוקה מבושלת (סנפרוסט),קטניות,100 גרם,81,5.4,14.5,0.4,5.5,error,,,,,,,https://www.foodsdictionary.co.il/Products/1/%D7%90%D7%A4%D7%95%D7%A0%D7%94%20%D7%99%D7%A8%D7%95%D7%A7%D7%94%20%D7%9E%D7%91%D7%95%D7%A9%D7%9C%D7%AA%20%28%D7%A1%D7%A0%D7%A4%D7%A8%D7%95%D7%A1%D7%98%29,HTTPError: HTTP Error 404: Not Found
f-israel-168,תורמוס מבושל,קטניות,100 גרם,119,15.5,10,2.8,3,error,,,,,,,https://www.foodsdictionary.co.il/Products/1/%D7%AA%D7%95%D7%A8%D7%9E%D7%95%D7%A1%20%D7%9E%D7%91%D7%95%D7%A9%D7%9C,HTTPError: HTTP Error 404: Not Found
f-israel-169,פול מבושל,קטניות,100 גרם,110,7.6,19.5,0.4,5.4,error,,,,,,,https://www.foodsdictionary.co.il/Products/1/%D7%A4%D7%95%D7%9C%20%D7%9E%D7%91%D7%95%D7%A9%D7%9C,HTTPError: HTTP Error 404: Not Found
f-israel-170,עדשים שחורות (בלוגה) מבושלות,קטניות,100 גרם,120,9.2,20,0.5,8,error,,,,,,,https://www.foodsdictionary.co.il/Products/1/%D7%A2%D7%93%D7%A9%D7%99%D7%9D%20%D7%A9%D7%97%D7%95%D7%A8%D7%95%D7%AA%20%28%D7%91%D7%9C%D7%95%D7%92%D7%94%29%20%D7%9E%D7%91%D7%95%D7%A9%D7%9C%D7%95%D7%AA,HTTPError: HTTP Error 404: Not Found
f-israel-171,תפוח עץ בינוני (עם קליפה),פירות,יחידה (150g),80,0.4,21,0.3,3.6,error,,,,,,,https://www.foodsdictionary.co.il/Products/1/%D7%AA%D7%A4%D7%95%D7%97%20%D7%A2%D7%A5%20%D7%91%D7%99%D7%A0%D7%95%D7%A0%D7%99%20%28%D7%A2%D7%9D%20%D7%A7%D7%9C%D7%99%D7%A4%D7%94%29,HTTPError: HTTP Error 404: Not Found
f-israel-172,בננה בינונית,פירות,יחידה (120g),105,1.3,27,0.3,3,error,,,,,,,https://www.foodsdictionary.co.il/Products/1/%D7%91%D7%A0%D7%A0%D7%94%20%D7%91%D7%99%D7%A0%D7%95%D7%A0%D7%99%D7%AA,HTTPError: HTTP Error 404: Not Found
f-israel-173,תפוז בינוני,פירות,יחידה (150g),65,1.3,16,0.2,3.1,error,,,,,,,https://www.foodsdictionary.co.il/Products/1/%D7%AA%D7%A4%D7%95%D7%96%20%D7%91%D7%99%D7%A0%D7%95%D7%A0%D7%99,HTTPError: HTTP Error 404: Not Found
f-israel-174,קלמנטינה,פירות,יחידה (85g),40,0.7,10,0.1,1.5,values,קלמנטינה,47.0,0.85,12.02,0.15,1.7,https://www.foodsdictionary.co.il/Products/1/%D7%A7%D7%9C%D7%9E%D7%A0%D7%98%D7%99%D7%A0%D7%94,
f-israel-175,אשכולית אדומה,פירות,חצי יחידה (120g),50,0.9,12,0.1,1.8,error,,,,,,,https://www.foodsdictionary.co.il/Products/1/%D7%90%D7%A9%D7%9B%D7%95%D7%9C%D7%99%D7%AA%20%D7%90%D7%93%D7%95%D7%9E%D7%94,HTTPError: HTTP Error 404: Not Found
f-israel-176,תות שדה טרי,פירות,100 גרם,32,0.7,7.7,0.3,2,error,,,,,,,https://www.foodsdictionary.co.il/Products/1/%D7%AA%D7%95%D7%AA%20%D7%A9%D7%93%D7%94%20%D7%98%D7%A8%D7%99,HTTPError: HTTP Error 404: Not Found
f-israel-177,ענבים ירוקים / אדומים,פירות,100 גרם,69,0.7,18,0.2,0.9,error,,,,,,,https://www.foodsdictionary.co.il/Products/1/%D7%A2%D7%A0%D7%91%D7%99%D7%9D%20%D7%99%D7%A8%D7%95%D7%A7%D7%99%D7%9D%20%2F%20%D7%90%D7%93%D7%95%D7%9E%D7%99%D7%9D,HTTPError: HTTP Error 404: Not Found
f-israel-178,אבטיח מתוק,פירות,100 גרם,30,0.6,7.5,0.1,0.4,error,,,,,,,https://www.foodsdictionary.co.il/Products/1/%D7%90%D7%91%D7%98%D7%99%D7%97%20%D7%9E%D7%AA%D7%95%D7%A7,HTTPError: HTTP Error 404: Not Found
f-israel-179,מלון צהוב,פירות,100 גרם,34,0.8,8.2,0.2,0.9,error,,,,,,,https://www.foodsdictionary.co.il/Products/1/%D7%9E%D7%9C%D7%95%D7%9F%20%D7%A6%D7%94%D7%95%D7%91,HTTPError: HTTP Error 404: Not Found
f-israel-180,אפרסק טרי,פירות,יחידה (130g),50,1.2,12,0.3,2,error,,,,,,,https://www.foodsdictionary.co.il/Products/1/%D7%90%D7%A4%D7%A8%D7%A1%D7%A7%20%D7%98%D7%A8%D7%99,HTTPError: HTTP Error 404: Not Found
f-israel-181,נקטרינה,פירות,יחידה (130g),55,1.4,13,0.4,2.2,values,נקטרינה,44.0,1.06,10.55,0.32,1.7,https://www.foodsdictionary.co.il/Products/1/%D7%A0%D7%A7%D7%98%D7%A8%D7%99%D7%A0%D7%94,
f-israel-182,שזיף אדום / צהוב,פירות,יחידה (60g),30,0.4,7.5,0.2,0.9,error,,,,,,,https://www.foodsdictionary.co.il/Products/1/%D7%A9%D7%96%D7%99%D7%A3%20%D7%90%D7%93%D7%95%D7%9D%20%2F%20%D7%A6%D7%94%D7%95%D7%91,HTTPError: HTTP Error 404: Not Found
f-israel-183,אגס בינוני,פירות,יחידה (150g),85,0.6,23,0.2,4.5,error,,,,,,,https://www.foodsdictionary.co.il/Products/1/%D7%90%D7%92%D7%A1%20%D7%91%D7%99%D7%A0%D7%95%D7%A0%D7%99,HTTPError: HTTP Error 404: Not Found
f-israel-184,תמר מג'הול עסיסי,פירות יבשים,יחידה 1 (24g),66,0.4,18,0.1,1.6,error,,,,,,,https://www.foodsdictionary.co.il/Products/1/%D7%AA%D7%9E%D7%A8%20%D7%9E%D7%92%27%D7%94%D7%95%D7%9C%20%D7%A2%D7%A1%D7%99%D7%A1%D7%99,HTTPError: HTTP Error 404: Not Found
f-israel-185,תמר דקל נור,פירות יבשים,יחידה 1 (10g),28,0.2,7.5,0,0.8,error,,,,,,,https://www.foodsdictionary.co.il/Products/1/%D7%AA%D7%9E%D7%A8%20%D7%93%D7%A7%D7%9C%20%D7%A0%D7%95%D7%A8,HTTPError: HTTP Error 404: Not Found
f-israel-186,מנגו מתוק,פירות,100 גרם,60,0.8,15,0.4,1.6,error,,,,,,,https://www.foodsdictionary.co.il/Products/1/%D7%9E%D7%A0%D7%92%D7%95%20%D7%9E%D7%AA%D7%95%D7%A7,HTTPError: HTTP Error 404: Not Found
f-israel-187,אננס טרי,פירות,100 גרם,50,0.5,13,0.1,1.4,error,,,,,,,https://www.foodsdictionary.co.il/Products/1/%D7%90%D7%A0%D7%A0%D7%A1%20%D7%98%D7%A8%D7%99,HTTPError: HTTP Error 404: Not Found
f-israel-188,קיווי,פירות,יחידה (70g),42,0.8,10,0.4,2.1,values,קיווי,61.0,0.99,14.88,0.44,3.4,https://www.foodsdictionary.co.il/Products/1/%D7%A7%D7%99%D7%95%D7%95%D7%99,
f-israel-189,דובדבנים מתוקים,פירות,100 גרם,63,1.1,16,0.2,2.1,values,דובדבנים מתוקים,63.0,1.06,16.01,0.2,2.1,https://www.foodsdictionary.co.il/Products/1/%D7%93%D7%95%D7%91%D7%93%D7%91%D7%A0%D7%99%D7%9D%20%D7%9E%D7%AA%D7%95%D7%A7%D7%99%D7%9D,
f-israel-190,אבוקדו היל / חס,פירות / שומנים,חצי אבוקדו (75g),120,1.5,6,11,5,error,,,,,,,https://www.foodsdictionary.co.il/Products/1/%D7%90%D7%91%D7%95%D7%A7%D7%93%D7%95%20%D7%94%D7%99%D7%9C%20%2F%20%D7%97%D7%A1,HTTPError: HTTP Error 404: Not Found
f-israel-191,רימון (גרגרים),פירות,100 גרם,83,1.7,18.7,1.2,4,error,,,,,,,https://www.foodsdictionary.co.il/Products/1/%D7%A8%D7%99%D7%9E%D7%95%D7%9F%20%28%D7%92%D7%A8%D7%92%D7%A8%D7%99%D7%9D%29,HTTPError: HTTP Error 404: Not Found
f-israel-192,תאנה טרייה,פירות,יחידה (50g),37,0.4,9.5,0.1,1.4,error,,,,,,,https://www.foodsdictionary.co.il/Products/1/%D7%AA%D7%90%D7%A0%D7%94%20%D7%98%D7%A8%D7%99%D7%99%D7%94,HTTPError: HTTP Error 404: Not Found
f-israel-193,אפרסמון,פירות,יחידה (120g),84,0.7,21,0.2,4,values,אפרסמון,70.0,0.58,18.59,0.19,3.6,https://www.foodsdictionary.co.il/Products/1/%D7%90%D7%A4%D7%A8%D7%A1%D7%9E%D7%95%D7%9F,
f-israel-194,משמש טרי,פירות,יחידה (35g),17,0.5,3.9,0.1,0.7,error,,,,,,,https://www.foodsdictionary.co.il/Products/1/%D7%9E%D7%A9%D7%9E%D7%A9%20%D7%98%D7%A8%D7%99,HTTPError: HTTP Error 404: Not Found
f-israel-195,חמוציות מיובשות ללא סוכר,פירות יבשים,30 גרם,92,0.1,24,0.4,1.8,error,,,,,,,https://www.foodsdictionary.co.il/Products/1/%D7%97%D7%9E%D7%95%D7%A6%D7%99%D7%95%D7%AA%20%D7%9E%D7%99%D7%95%D7%91%D7%A9%D7%95%D7%AA%20%D7%9C%D7%9C%D7%90%20%D7%A1%D7%95%D7%9B%D7%A8,HTTPError: HTTP Error 404: Not Found
f-israel-196,צימוקים כהים / בהירים,פירות יבשים,30 גרם,90,0.9,23,0.1,1.2,error,,,,,,,https://www.foodsdictionary.co.il/Products/1/%D7%A6%D7%99%D7%9E%D7%95%D7%A7%D7%99%D7%9D%20%D7%9B%D7%94%D7%99%D7%9D%20%2F%20%D7%91%D7%94%D7%99%D7%A8%D7%99%D7%9D,HTTPError: HTTP Error 404: Not Found
f-israel-197,שזיפים מיובשים,פירות יבשים,יחידה 1 (10g),24,0.2,6.3,0,0.7,error,,,,,,,https://www.foodsdictionary.co.il/Products/1/%D7%A9%D7%96%D7%99%D7%A4%D7%99%D7%9D%20%D7%9E%D7%99%D7%95%D7%91%D7%A9%D7%99%D7%9D,HTTPError: HTTP Error 404: Not Found
f-israel-198,משמש מיובש,פירות יבשים,יחידה 1 (8g),20,0.3,5,0,0.6,values,משמש מיובש,241.0,3.39,62.64,0.51,7.3,https://www.foodsdictionary.co.il/Products/1/%D7%9E%D7%A9%D7%9E%D7%A9%20%D7%9E%D7%99%D7%95%D7%91%D7%A9,
f-israel-199,מלפפון טרי עם קליפה,ירקות,יחידה בינונית (96g),14.4,0.6,3.5,0.1,0.5,error,,,,,,,https://www.foodsdictionary.co.il/Products/1/%D7%9E%D7%9C%D7%A4%D7%A4%D7%95%D7%9F%20%D7%98%D7%A8%D7%99%20%D7%A2%D7%9D%20%D7%A7%D7%9C%D7%99%D7%A4%D7%94,HTTPError: HTTP Error 404: Not Found
f-israel-200,עגבנייה טרייה,ירקות,יחידה בינונית (172g),31,1.5,6.7,0.3,2.1,error,,,,,,,https://www.foodsdictionary.co.il/Products/1/%D7%A2%D7%92%D7%91%D7%A0%D7%99%D7%99%D7%94%20%D7%98%D7%A8%D7%99%D7%99%D7%94,HTTPError: HTTP Error 404: Not Found
f-israel-201,עגבניות שרי,ירקות,יחידה (15g),2.7,0.1,0.6,0,0.2,values,עגבניות שרי,18.0,0.88,3.92,0.2,1.2,https://www.foodsdictionary.co.il/Products/1/%D7%A2%D7%92%D7%91%D7%A0%D7%99%D7%95%D7%AA%20%D7%A9%D7%A8%D7%99,
f-israel-202,גזר טרי,ירקות,יחידה בינונית (136g),55.8,1.3,13,0.3,3.8,error,,,,,,,https://www.foodsdictionary.co.il/Products/1/%D7%92%D7%96%D7%A8%20%D7%98%D7%A8%D7%99,HTTPError: HTTP Error 404: Not Found
f-israel-203,פלפל אדום (גמבה),ירקות,יחידה בינונית (185g),57.4,1.8,11.2,0.6,3.9,error,,,,,,,https://www.foodsdictionary.co.il/Products/1/%D7%A4%D7%9C%D7%A4%D7%9C%20%D7%90%D7%93%D7%95%D7%9D%20%28%D7%92%D7%9E%D7%91%D7%94%29,HTTPError: HTTP Error 404: Not Found
f-israel-204,פלפל ירוק,ירקות,יחידה בינונית (166g),33.2,1.4,7.7,0.3,2.8,values,פלפל ירוק טרי,20.0,0.86,4.64,0.17,1.7,https://www.foodsdictionary.co.il/Products/1/%D7%A4%D7%9C%D7%A4%D7%9C%20%D7%99%D7%A8%D7%95%D7%A7,
f-israel-489,פלפל צהוב,ירקות,יחידה בינונית (122g),32.9,1.2,7.7,0.3,1.1,values,פלפל צהוב טרי,27.0,1.0,6.32,0.21,0.9,https://www.foodsdictionary.co.il/Products/1/%D7%A4%D7%9C%D7%A4%D7%9C%20%D7%A6%D7%94%D7%95%D7%91,
f-israel-205,קישוא מבושל ללא תוספות,ירקות,יחידה (120g),24,1.1,5.2,0.4,1.7,error,,,,,,,https://www.foodsdictionary.co.il/Products/1/%D7%A7%D7%99%D7%A9%D7%95%D7%90%20%D7%9E%D7%91%D7%95%D7%A9%D7%9C%20%D7%9C%D7%9C%D7%90%20%D7%AA%D7%95%D7%A1%D7%A4%D7%95%D7%AA,HTTPError: HTTP Error 404: Not Found
f-israel-206,חציל קלוי / אפוי ללא שמן,ירקות,100 גרם,25,1,5.8,0.2,3,error,,,,,,,https://www.foodsdictionary.co.il/Products/1/%D7%97%D7%A6%D7%99%D7%9C%20%D7%A7%D7%9C%D7%95%D7%99%20%2F%20%D7%90%D7%A4%D7%95%D7%99%20%D7%9C%D7%9C%D7%90%20%D7%A9%D7%9E%D7%9F,HTTPError: HTTP Error 404: Not Found
f-israel-207,כרוב לבן קצוץ,ירקות,100 גרם,25,1.3,5.8,0.1,2.5,error,,,,,,,https://www.foodsdictionary.co.il/Products/1/%D7%9B%D7%A8%D7%95%D7%91%20%D7%9C%D7%91%D7%9F%20%D7%A7%D7%A6%D7%95%D7%A5,HTTPError: HTTP Error 404: Not Found
f-israel-208,כרוב אדום קצוץ,ירקות,100 גרם,31,1.4,7.4,0.2,2.1,error,,,,,,,https://www.foodsdictionary.co.il/Products/1/%D7%9B%D7%A8%D7%95%D7%91%20%D7%90%D7%93%D7%95%D7%9D%20%D7%A7%D7%A6%D7%95%D7%A5,HTTPError: HTTP Error 404: Not Found
f-israel-209,חסה ערבית / מסולסלת,ירקות,100 גרם,15,1.4,2.9,0.2,1.3,error,,,,,,,https://www.foodsdictionary.co.il/Products/1/%D7%97%D7%A1%D7%94%20%D7%A2%D7%A8%D7%91%D7%99%D7%AA%20%2F%20%D7%9E%D7%A1%D7%95%D7%9C%D7%A1%D7%9C%D7%AA,HTTPError: HTTP Error 404: Not Found
f-israel-210,עלי תרד טריים,ירקות,100 גרם,23,2.9,3.6,0.4,2.2,error,,,,,,,https://www.foodsdictionary.co.il/Products/1/%D7%A2%D7%9C%D7%99%20%D7%AA%D7%A8%D7%93%20%D7%98%D7%A8%D7%99%D7%99%D7%9D,HTTPError: HTTP Error 404: Not Found
f-israel-211,ברוקולי מבושל / בקיטור,ירקות,100 גרם,35,2.4,7.2,0.4,3.3,error,,,,,,,https://www.foodsdictionary.co.il/Products/1/%D7%91%D7%A8%D7%95%D7%A7%D7%95%D7%9C%D7%99%20%D7%9E%D7%91%D7%95%D7%A9%D7%9C%20%2F%20%D7%91%D7%A7%D7%99%D7%98%D7%95%D7%A8,HTTPError: HTTP Error 404: Not Found
f-israel-212,כרובית אפויה / מבושלת,ירקות,100 גרם,23,1.8,4.1,0.5,2.3,error,,,,,,,https://www.foodsdictionary.co.il/Products/1/%D7%9B%D7%A8%D7%95%D7%91%D7%99%D7%AA%20%D7%90%D7%A4%D7%95%D7%99%D7%94%20%2F%20%D7%9E%D7%91%D7%95%D7%A9%D7%9C%D7%AA,HTTPError: HTTP Error 404: Not Found
f-israel-213,בצל צהוב / סגול,ירקות,יחידה בינונית (125g),50,1.4,11.7,0.1,2.1,error,,,,,,,https://www.foodsdictionary.co.il/Products/1/%D7%91%D7%A6%D7%9C%20%D7%A6%D7%94%D7%95%D7%91%20%2F%20%D7%A1%D7%92%D7%95%D7%9C,HTTPError: HTTP Error 404: Not Found
f-israel-214,בצל ירוק,ירקות,100 גרם,32,1.8,7.3,0.2,2.6,values,בצל ירוק,32.0,1.83,7.34,0.19,2.6,https://www.foodsdictionary.co.il/Products/1/%D7%91%D7%A6%D7%9C%20%D7%99%D7%A8%D7%95%D7%A7,
f-israel-215,שום טרי,ירקות,שן שום (7g),10.4,0.9,3.2,0.1,0.2,error,,,,,,,https://www.foodsdictionary.co.il/Products/1/%D7%A9%D7%95%D7%9D%20%D7%98%D7%A8%D7%99,HTTPError: HTTP Error 404: Not Found
f-israel-216,פטריות שמפיניון טריות,ירקות,100 גרם,22,3.1,3.3,0.3,1,error,,,,,,,https://www.foodsdictionary.co.il/Products/1/%D7%A4%D7%98%D7%A8%D7%99%D7%95%D7%AA%20%D7%A9%D7%9E%D7%A4%D7%99%D7%A0%D7%99%D7%95%D7%9F%20%D7%98%D7%A8%D7%99%D7%95%D7%AA,HTTPError: HTTP Error 404: Not Found
f-israel-217,פטריות פורטבלו בגריל,ירקות,100 גרם,28,2.5,4.5,0.5,1.3,error,,,,,,,https://www.foodsdictionary.co.il/Products/1/%D7%A4%D7%98%D7%A8%D7%99%D7%95%D7%AA%20%D7%A4%D7%95%D7%A8%D7%98%D7%91%D7%9C%D7%95%20%D7%91%D7%92%D7%A8%D7%99%D7%9C,HTTPError: HTTP Error 404: Not Found
f-israel-218,צנונית טרייה,ירקות,יחידה בינונית (32g),5.1,0.2,1.1,0,0.5,error,,,,,,,https://www.foodsdictionary.co.il/Products/1/%D7%A6%D7%A0%D7%95%D7%A0%D7%99%D7%AA%20%D7%98%D7%A8%D7%99%D7%99%D7%94,HTTPError: HTTP Error 404: Not Found
f-israel-219,דלעת אפויה,ירקות,100 גרם,26,1,6.5,0.1,0.5,error,,,,,,,https://www.foodsdictionary.co.il/Products/1/%D7%93%D7%9C%D7%A2%D7%AA%20%D7%90%D7%A4%D7%95%D7%99%D7%94,HTTPError: HTTP Error 404: Not Found
f-israel-220,דלורית אפויה בתנור,ירקות,100 גרם,45,1,11.5,0.1,2,error,,,,,,,https://www.foodsdictionary.co.il/Products/1/%D7%93%D7%9C%D7%95%D7%A8%D7%99%D7%AA%20%D7%90%D7%A4%D7%95%D7%99%D7%94%20%D7%91%D7%AA%D7%A0%D7%95%D7%A8,HTTPError: HTTP Error 404: Not Found
f-israel-221,סלק אדום מבושל,ירקות,100 גרם,44,1.7,10,0.2,2,error,,,,,,,https://www.foodsdictionary.co.il/Products/1/%D7%A1%D7%9C%D7%A7%20%D7%90%D7%93%D7%95%D7%9D%20%D7%9E%D7%91%D7%95%D7%A9%D7%9C,HTTPError: HTTP Error 404: Not Found
f-israel-222,עשבי תיבול (פטרוזיליה/כוסברה/שמיר),ירקות,100 גרם,36,3,6.3,0.8,3.3,error,,,,,,,https://www.foodsdictionary.co.il/Products/1/%D7%A2%D7%A9%D7%91%D7%99%20%D7%AA%D7%99%D7%91%D7%95%D7%9C%20%28%D7%A4%D7%98%D7%A8%D7%95%D7%96%D7%99%D7%9C%D7%99%D7%94%2F%D7%9B%D7%95%D7%A1%D7%91%D7%A8%D7%94%2F%D7%A9%D7%9E%D7%99%D7%A8%29,HTTPError: HTTP Error 404: Not Found
f-israel-223,נבטים סיניים,ירקות,100 גרם,30,3,5.9,0.2,1.8,error,,,,,,,https://www.foodsdictionary.co.il/Products/1/%D7%A0%D7%91%D7%98%D7%99%D7%9D%20%D7%A1%D7%99%D7%A0%D7%99%D7%99%D7%9D,HTTPError: HTTP Error 404: Not Found
f-israel-224,סלרי (גבעולים),ירקות,100 גרם,14,0.7,3,0.2,1.6,error,,,,,,,https://www.foodsdictionary.co.il/Products/1/%D7%A1%D7%9C%D7%A8%D7%99%20%28%D7%92%D7%91%D7%A2%D7%95%D7%9C%D7%99%D7%9D%29,HTTPError: HTTP Error 404: Not Found
f-israel-225,שעועית ירוקה מבושלת (סנפרוסט),ירקות,100 גרם,31,1.8,7,0.2,3.4,error,,,,,,,https://www.foodsdictionary.co.il/Products/1/%D7%A9%D7%A2%D7%95%D7%A2%D7%99%D7%AA%20%D7%99%D7%A8%D7%95%D7%A7%D7%94%20%D7%9E%D7%91%D7%95%D7%A9%D7%9C%D7%AA%20%28%D7%A1%D7%A0%D7%A4%D7%A8%D7%95%D7%A1%D7%98%29,HTTPError: HTTP Error 404: Not Found
f-israel-226,שעועית צהובה מבושלת,ירקות,100 גרם,31,1.8,7,0.2,3.4,error,,,,,,,https://www.foodsdictionary.co.il/Products/1/%D7%A9%D7%A2%D7%95%D7%A2%D7%99%D7%AA%20%D7%A6%D7%94%D7%95%D7%91%D7%94%20%D7%9E%D7%91%D7%95%D7%A9%D7%9C%D7%AA,HTTPError: HTTP Error 404: Not Found
f-israel-227,לקט ירקות לנורמנדי (סנפרוסט),ירקות,100 גרם,30,2,5.5,0.3,2.5,error,,,,,,,https://www.foodsdictionary.co.il/Products/1/%D7%9C%D7%A7%D7%98%20%D7%99%D7%A8%D7%A7%D7%95%D7%AA%20%D7%9C%D7%A0%D7%95%D7%A8%D7%9E%D7%A0%D7%93%D7%99%20%28%D7%A1%D7%A0%D7%A4%D7%A8%D7%95%D7%A1%D7%98%29,HTTPError: HTTP Error 404: Not Found
f-israel-228,לקט ירקות מוקפצים,ירקות,100 גרם,35,1.8,6.5,0.3,2.2,error,,,,,,,https://www.foodsdictionary.co.il/Products/1/%D7%9C%D7%A7%D7%98%20%D7%99%D7%A8%D7%A7%D7%95%D7%AA%20%D7%9E%D7%95%D7%A7%D7%A4%D7%A6%D7%99%D7%9D,HTTPError: HTTP Error 404: Not Found
f-israel-229,שקדים טבעיים,אגוזים וגרעינים,30 גרם,175,6.3,6,15,3.5,error,,,,,,,https://www.foodsdictionary.co.il/Products/1/%D7%A9%D7%A7%D7%93%D7%99%D7%9D%20%D7%98%D7%91%D7%A2%D7%99%D7%99%D7%9D,HTTPError: HTTP Error 404: Not Found
f-israel-230,שקדים מולבנים / פרוסים,אגוזים וגרעינים,30 גרם,175,6.3,6,15,3.5,error,,,,,,,https://www.foodsdictionary.co.il/Products/1/%D7%A9%D7%A7%D7%93%D7%99%D7%9D%20%D7%9E%D7%95%D7%9C%D7%91%D7%A0%D7%99%D7%9D%20%2F%20%D7%A4%D7%A8%D7%95%D7%A1%D7%99%D7%9D,HTTPError: HTTP Error 404: Not Found
f-israel-231,אגוזי מלך קלופים,אגוזים וגרעינים,30 גרם,195,4.5,4,19.5,2,error,,,,,,,https://www.foodsdictionary.co.il/Products/1/%D7%90%D7%92%D7%95%D7%96%D7%99%20%D7%9E%D7%9C%D7%9A%20%D7%A7%D7%9C%D7%95%D7%A4%D7%99%D7%9D,HTTPError: HTTP Error 404: Not Found
f-israel-232,אגוזי קשיו טבעיים,אגוזים וגרעינים,30 גרם,165,5.5,9,13,1,error,,,,,,,https://www.foodsdictionary.co.il/Products/1/%D7%90%D7%92%D7%95%D7%96%D7%99%20%D7%A7%D7%A9%D7%99%D7%95%20%D7%98%D7%91%D7%A2%D7%99%D7%99%D7%9D,HTTPError: HTTP Error 404: Not Found
f-israel-233,בוטנים קלויים / טבעיים,אגוזים וגרעינים,30 גרם,170,7.5,5,14,2.5,error,,,,,,,https://www.foodsdictionary.co.il/Products/1/%D7%91%D7%95%D7%98%D7%A0%D7%99%D7%9D%20%D7%A7%D7%9C%D7%95%D7%99%D7%99%D7%9D%20%2F%20%D7%98%D7%91%D7%A2%D7%99%D7%99%D7%9D,HTTPError: HTTP Error 404: Not Found
f-israel-234,פיסטוקים קלויים ומומלחים,אגוזים וגרעינים,30 גרם,168,6,8,13.5,3,error,,,,,,,https://www.foodsdictionary.co.il/Products/1/%D7%A4%D7%99%D7%A1%D7%98%D7%95%D7%A7%D7%99%D7%9D%20%D7%A7%D7%9C%D7%95%D7%99%D7%99%D7%9D%20%D7%95%D7%9E%D7%95%D7%9E%D7%9C%D7%97%D7%99%D7%9D,HTTPError: HTTP Error 404: Not Found
f-israel-235,אגוזי לוז (בונדוק),אגוזים וגרעינים,30 גרם,188,4.2,5,18,2.8,error,,,,,,,https://www.foodsdictionary.co.il/Products/1/%D7%90%D7%92%D7%95%D7%96%D7%99%20%D7%9C%D7%95%D7%96%20%28%D7%91%D7%95%D7%A0%D7%93%D7%95%D7%A7%29,HTTPError: HTTP Error 404: Not Found
f-israel-236,אגוזי פקאן טבעיים,אגוזים וגרעינים,30 גרם,205,2.7,4,21,2.7,error,,,,,,,https://www.foodsdictionary.co.il/Products/1/%D7%90%D7%92%D7%95%D7%96%D7%99%20%D7%A4%D7%A7%D7%90%D7%9F%20%D7%98%D7%91%D7%A2%D7%99%D7%99%D7%9D,HTTPError: HTTP Error 404: Not Found
f-israel-237,אגוזי ברזיל,אגוזים וגרעינים,30 גרם,200,4.3,3.5,20,2.3,error,,,,,,,https://www.foodsdictionary.co.il/Products/1/%D7%90%D7%92%D7%95%D7%96%D7%99%20%D7%91%D7%A8%D7%96%D7%99%D7%9C,HTTPError: HTTP Error 404: Not Found
f-israel-238,גרעיני חמנייה קלופים,אגוזים וגרעינים,30 גרם,175,6.2,6,15,2.6,error,,,,,,,https://www.foodsdictionary.co.il/Products/1/%D7%92%D7%A8%D7%A2%D7%99%D7%A0%D7%99%20%D7%97%D7%9E%D7%A0%D7%99%D7%99%D7%94%20%D7%A7%D7%9C%D7%95%D7%A4%D7%99%D7%9D,HTTPError: HTTP Error 404: Not Found
f-israel-239,גרעיני דלעת קלופים,אגוזים וגרעינים,30 גרם,168,9,4.5,14,1.8,error,,,,,,,https://www.foodsdictionary.co.il/Products/1/%D7%92%D7%A8%D7%A2%D7%99%D7%A0%D7%99%20%D7%93%D7%9C%D7%A2%D7%AA%20%D7%A7%D7%9C%D7%95%D7%A4%D7%99%D7%9D,HTTPError: HTTP Error 404: Not Found
f-israel-240,שומשום מלא / לבן,אגוזים וגרעינים,כף (10g),57,1.8,2.3,5,1.2,error,,,,,,,https://www.foodsdictionary.co.il/Products/1/%D7%A9%D7%95%D7%9E%D7%A9%D7%95%D7%9D%20%D7%9E%D7%9C%D7%90%20%2F%20%D7%9C%D7%91%D7%9F,HTTPError: HTTP Error 404: Not Found
f-israel-241,זרעי צ'יה,אגוזים וגרעינים,כף (12g),58,2,5,3.7,4.1,values,זרעי צ`יה,486.0,16.5,42.1,30.7,34.4,https://www.foodsdictionary.co.il/Products/1/%D7%96%D7%A8%D7%A2%D7%99%20%D7%A6%27%D7%99%D7%94,
f-israel-242,זרעי פשתן טחונים,אגוזים וגרעינים,כף (10g),53,1.8,3,4.2,2.7,error,,,,,,,https://www.foodsdictionary.co.il/Products/1/%D7%96%D7%A8%D7%A2%D7%99%20%D7%A4%D7%A9%D7%AA%D7%9F%20%D7%98%D7%97%D7%95%D7%A0%D7%99%D7%9D,HTTPError: HTTP Error 404: Not Found
f-israel-243,חמאת בוטנים טבעית 100%,ממרחים,כף (16g),95,4,3,8,1.2,error,,,,,,,https://www.foodsdictionary.co.il/Products/1/%D7%97%D7%9E%D7%90%D7%AA%20%D7%91%D7%95%D7%98%D7%A0%D7%99%D7%9D%20%D7%98%D7%91%D7%A2%D7%99%D7%AA%20100%25,HTTPError: HTTP Error 404: Not Found
f-israel-244,חמאת בוטנים סקיפי עם שבבים,ממרחים,כף (16g),98,3.5,4,8,0.8,error,,,,,,,https://www.foodsdictionary.co.il/Products/1/%D7%97%D7%9E%D7%90%D7%AA%20%D7%91%D7%95%D7%98%D7%A0%D7%99%D7%9D%20%D7%A1%D7%A7%D7%99%D7%A4%D7%99%20%D7%A2%D7%9D%20%D7%A9%D7%91%D7%91%D7%99%D7%9D,HTTPError: HTTP Error 404: Not Found
f-israel-245,טחינה גולמית משומשום מלא (הנסיך/אל ארז),ממרחים,כף (15g),98,3.8,1.8,8.8,1.5,error,,,,,,,https://www.foodsdictionary.co.il/Products/1/%D7%98%D7%97%D7%99%D7%A0%D7%94%20%D7%92%D7%95%D7%9C%D7%9E%D7%99%D7%AA%20%D7%9E%D7%A9%D7%95%D7%9E%D7%A9%D7%95%D7%9D%20%D7%9E%D7%9C%D7%90%20%28%D7%94%D7%A0%D7%A1%D7%99%D7%9A%2F%D7%90%D7%9C%20%D7%90%D7%A8%D7%96%29,HTTPError: HTTP Error 404: Not Found
f-israel-246,טחינה גולמית קלאסית,ממרחים,כף (15g),100,3.5,2,9,1,error,,,,,,,https://www.foodsdictionary.co.il/Products/1/%D7%98%D7%97%D7%99%D7%A0%D7%94%20%D7%92%D7%95%D7%9C%D7%9E%D7%99%D7%AA%20%D7%A7%D7%9C%D7%90%D7%A1%D7%99%D7%AA,HTTPError: HTTP Error 404: Not Found
f-israel-247,טחינה מוכנה למאכל (צבר / אחלה),ממרחים,כף (15g),45,1.2,1,4.2,0.5,error,,,,,,,https://www.foodsdictionary.co.il/Products/1/%D7%98%D7%97%D7%99%D7%A0%D7%94%20%D7%9E%D7%95%D7%9B%D7%A0%D7%94%20%D7%9C%D7%9E%D7%90%D7%9B%D7%9C%20%28%D7%A6%D7%91%D7%A8%20%2F%20%D7%90%D7%97%D7%9C%D7%94%29,HTTPError: HTTP Error 404: Not Found
f-israel-248,חומוס אחלה / צבר קלאסי,ממרחים,כף (30g),70,2.1,4.2,5,1.5,error,,,,,,,https://www.foodsdictionary.co.il/Products/1/%D7%97%D7%95%D7%9E%D7%95%D7%A1%20%D7%90%D7%97%D7%9C%D7%94%20%2F%20%D7%A6%D7%91%D7%A8%20%D7%A7%D7%9C%D7%90%D7%A1%D7%99,HTTPError: HTTP Error 404: Not Found
f-israel-249,חומוס דל שומן 9%,ממרחים,כף (30g),48,2.2,4.5,2.7,1.5,error,,,,,,,https://www.foodsdictionary.co.il/Products/1/%D7%97%D7%95%D7%9E%D7%95%D7%A1%20%D7%93%D7%9C%20%D7%A9%D7%95%D7%9E%D7%9F%209%25,HTTPError: HTTP Error 404: Not Found
f-israel-250,ממרח אבוקדו מוכן,ממרחים,כף (20g),32,0.4,1.6,2.8,1.2,error,,,,,,,https://www.foodsdictionary.co.il/Products/1/%D7%9E%D7%9E%D7%A8%D7%97%20%D7%90%D7%91%D7%95%D7%A7%D7%93%D7%95%20%D7%9E%D7%95%D7%9B%D7%9F,HTTPError: HTTP Error 404: Not Found
f-israel-251,שמן זית כתית מעולה,שמנים,"כף (10 מ""ל)",88,0,0,10,0,error,,,,,,,https://www.foodsdictionary.co.il/Products/1/%D7%A9%D7%9E%D7%9F%20%D7%96%D7%99%D7%AA%20%D7%9B%D7%AA%D7%99%D7%AA%20%D7%9E%D7%A2%D7%95%D7%9C%D7%94,HTTPError: HTTP Error 404: Not Found
f-israel-252,שמן קנולה / חמניות,שמנים,"כף (10 מ""ל)",88,0,0,10,0,error,,,,,,,https://www.foodsdictionary.co.il/Products/1/%D7%A9%D7%9E%D7%9F%20%D7%A7%D7%A0%D7%95%D7%9C%D7%94%20%2F%20%D7%97%D7%9E%D7%A0%D7%99%D7%95%D7%AA,HTTPError: HTTP Error 404: Not Found
f-israel-253,תרסיס שמן קנולה / זית,שמנים,ריסוס (1g),9,0,0,1,0,error,,,,,,,https://www.foodsdictionary.co.il/Products/1/%D7%AA%D7%A8%D7%A1%D7%99%D7%A1%20%D7%A9%D7%9E%D7%9F%20%D7%A7%D7%A0%D7%95%D7%9C%D7%94%20%2F%20%D7%96%D7%99%D7%AA,HTTPError: HTTP Error 404: Not Found
f-israel-254,מיונז קלאסי (הלמנס / תלמה),רוטבים,כף (15g),100,0.2,0.5,11,0,error,,,,,,,https://www.foodsdictionary.co.il/Products/1/%D7%9E%D7%99%D7%95%D7%A0%D7%96%20%D7%A7%D7%9C%D7%90%D7%A1%D7%99%20%28%D7%94%D7%9C%D7%9E%D7%A0%D7%A1%20%2F%20%D7%AA%D7%9C%D7%9E%D7%94%29,HTTPError: HTTP Error 404: Not Found
f-israel-255,מיונז הלמנס לייטאקטיב 5% / 9%,רוטבים,כף (15g),25,0.2,1.5,2,0,error,,,,,,,https://www.foodsdictionary.co.il/Products/1/%D7%9E%D7%99%D7%95%D7%A0%D7%96%20%D7%94%D7%9C%D7%9E%D7%A0%D7%A1%20%D7%9C%D7%99%D7%99%D7%98%D7%90%D7%A7%D7%98%D7%99%D7%91%205%25%20%2F%209%25,HTTPError: HTTP Error 404: Not Found
f-israel-256,קטשופ אסם קלאסי,רוטבים,כף (15g),17,0.2,4,0,0.2,error,,,,,,,https://www.foodsdictionary.co.il/Products/1/%D7%A7%D7%98%D7%A9%D7%95%D7%A4%20%D7%90%D7%A1%D7%9D%20%D7%A7%D7%9C%D7%90%D7%A1%D7%99,HTTPError: HTTP Error 404: Not Found
f-israel-257,קטשופ אסם ללא תוספת סוכר,רוטבים,כף (15g),8,0.2,1.8,0,0.3,error,,,,,,,https://www.foodsdictionary.co.il/Products/1/%D7%A7%D7%98%D7%A9%D7%95%D7%A4%20%D7%90%D7%A1%D7%9D%20%D7%9C%D7%9C%D7%90%20%D7%AA%D7%95%D7%A1%D7%A4%D7%AA%20%D7%A1%D7%95%D7%9B%D7%A8,HTTPError: HTTP Error 404: Not Found
f-israel-258,חרדל דיז'ון / צהוב,רוטבים,כפית (5g),5,0.3,0.3,0.3,0.2,error,,,,,,,https://www.foodsdictionary.co.il/Products/1/%D7%97%D7%A8%D7%93%D7%9C%20%D7%93%D7%99%D7%96%27%D7%95%D7%9F%20%2F%20%D7%A6%D7%94%D7%95%D7%91,HTTPError: HTTP Error 404: Not Found
f-israel-259,רוטב סויה דל נתרן (קיקומן),רוטבים,"כף (15 מ""ל)",10,1.2,1,0,0,error,,,,,,,https://www.foodsdictionary.co.il/Products/1/%D7%A8%D7%95%D7%98%D7%91%20%D7%A1%D7%95%D7%99%D7%94%20%D7%93%D7%9C%20%D7%A0%D7%AA%D7%A8%D7%9F%20%28%D7%A7%D7%99%D7%A7%D7%95%D7%9E%D7%9F%29,HTTPError: HTTP Error 404: Not Found
f-israel-260,רוטב צ'ילי מתוק,רוטבים,כף (15g),32,0.1,8,0,0.1,error,,,,,,,https://www.foodsdictionary.co.il/Products/1/%D7%A8%D7%95%D7%98%D7%91%20%D7%A6%27%D7%99%D7%9C%D7%99%20%D7%9E%D7%AA%D7%95%D7%A7,HTTPError: HTTP Error 404: Not Found
f-israel-261,רוטב ברבקיו,רוטבים,כף (15g),25,0.2,6,0.1,0.2,error,,,,,,,https://www.foodsdictionary.co.il/Products/1/%D7%A8%D7%95%D7%98%D7%91%20%D7%91%D7%A8%D7%91%D7%A7%D7%99%D7%95,HTTPError: HTTP Error 404: Not Found
f-israel-262,רוטב אלף האיים לייט,רוטבים,כף (15g),30,0.2,3,2,0.1,error,,,,,,,https://www.foodsdictionary.co.il/Products/1/%D7%A8%D7%95%D7%98%D7%91%20%D7%90%D7%9C%D7%A3%20%D7%94%D7%90%D7%99%D7%99%D7%9D%20%D7%9C%D7%99%D7%99%D7%98,HTTPError: HTTP Error 404: Not Found
f-israel-263,סילאן טבעי 100% תמרים,ממתיקים,כף (20g),60,0.4,14.5,0,1,error,,,,,,,https://www.foodsdictionary.co.il/Products/1/%D7%A1%D7%99%D7%9C%D7%90%D7%9F%20%D7%98%D7%91%D7%A2%D7%99%20100%25%20%D7%AA%D7%9E%D7%A8%D7%99%D7%9D,HTTPError: HTTP Error 404: Not Found
f-israel-264,דבש טבעי (יד מרדכי),ממתיקים,כף (20g),64,0.1,16,0,0,error,,,,,,,https://www.foodsdictionary.co.il/Products/1/%D7%93%D7%91%D7%A9%20%D7%98%D7%91%D7%A2%D7%99%20%28%D7%99%D7%93%20%D7%9E%D7%A8%D7%93%D7%9B%D7%99%29,HTTPError: HTTP Error 404: Not Found
f-israel-265,ממרח השחר העולה,ממרחים,כף (20g),110,0.6,12.5,6.5,0.4,error,,,,,,,https://www.foodsdictionary.co.il/Products/1/%D7%9E%D7%9E%D7%A8%D7%97%20%D7%94%D7%A9%D7%97%D7%A8%20%D7%94%D7%A2%D7%95%D7%9C%D7%94,HTTPError: HTTP Error 404: Not Found
f-israel-266,ממרח נוטלה,ממרחים,כף (20g),108,1.2,11.5,6.2,0.7,error,,,,,,,https://www.foodsdictionary.co.il/Products/1/%D7%9E%D7%9E%D7%A8%D7%97%20%D7%A0%D7%95%D7%98%D7%9C%D7%94,HTTPError: HTTP Error 404: Not Found
f-israel-267,ממרח לוטוס,ממרחים,כף (20g),115,0.6,11.5,7.5,0.2,error,,,,,,,https://www.foodsdictionary.co.il/Products/1/%D7%9E%D7%9E%D7%A8%D7%97%20%D7%9C%D7%95%D7%98%D7%95%D7%A1,HTTPError: HTTP Error 404: Not Found
f-israel-268,אבקת חלבון מי גבינה WHEY,תוספי תזונה,כף מדידה (30g),120,24,2,1.8,0,error,,,,,,,https://www.foodsdictionary.co.il/Products/1/%D7%90%D7%91%D7%A7%D7%AA%20%D7%97%D7%9C%D7%91%D7%95%D7%9F%20%D7%9E%D7%99%20%D7%92%D7%91%D7%99%D7%A0%D7%94%20WHEY,HTTPError: HTTP Error 404: Not Found
f-israel-269,אבקת חלבון איסולייט ISO,תוספי תזונה,כף מדידה (30g),110,27,0.5,0.5,0,error,,,,,,,https://www.foodsdictionary.co.il/Products/1/%D7%90%D7%91%D7%A7%D7%AA%20%D7%97%D7%9C%D7%91%D7%95%D7%9F%20%D7%90%D7%99%D7%A1%D7%95%D7%9C%D7%99%D7%99%D7%98%20ISO,HTTPError: HTTP Error 404: Not Found
f-israel-270,אבקת חלבון טבעונית (סויה/אפונה),תוספי תזונה,כף מדידה (30g),115,23,2.5,1.5,1.2,error,,,,,,,https://www.foodsdictionary.co.il/Products/1/%D7%90%D7%91%D7%A7%D7%AA%20%D7%97%D7%9C%D7%91%D7%95%D7%9F%20%D7%98%D7%91%D7%A2%D7%95%D7%A0%D7%99%D7%AA%20%28%D7%A1%D7%95%D7%99%D7%94%2F%D7%90%D7%A4%D7%95%D7%A0%D7%94%29,HTTPError: HTTP Error 404: Not Found
f-israel-271,חטיף חלבון Allin קראנצ' 20g,חטיפי חלבון,חטיף (60g),210,20,18,7,8,error,,,,,,,https://www.foodsdictionary.co.il/Products/1/%D7%97%D7%98%D7%99%D7%A3%20%D7%97%D7%9C%D7%91%D7%95%D7%9F%20Allin%20%D7%A7%D7%A8%D7%90%D7%A0%D7%A6%27%2020g,HTTPError: HTTP Error 404: Not Found
f-israel-272,חטיף חלבון Barebells 20g,חטיפי חלבון,חטיף (55g),200,20,16,8,4,error,,,,,,,https://www.foodsdictionary.co.il/Products/1/%D7%97%D7%98%D7%99%D7%A3%20%D7%97%D7%9C%D7%91%D7%95%D7%9F%20Barebells%2020g,HTTPError: HTTP Error 404: Not Found
f-israel-273,חטיף חלבון Ninja 20g,חטיפי חלבון,חטיף (60g),215,20,19,7.5,6,error,,,,,,,https://www.foodsdictionary.co.il/Products/1/%D7%97%D7%98%D7%99%D7%A3%20%D7%97%D7%9C%D7%91%D7%95%D7%9F%20Ninja%2020g,HTTPError: HTTP Error 404: Not Found
f-israel-274,חטיף חלבון Pro 20g - שטראוס,חטיפי חלבון,חטיף (60g),205,20,17,6.8,5,error,,,,,,,https://www.foodsdictionary.co.il/Products/1/%D7%97%D7%98%D7%99%D7%A3%20%D7%97%D7%9C%D7%91%D7%95%D7%9F%20Pro%2020g%20-%20%D7%A9%D7%98%D7%A8%D7%90%D7%95%D7%A1,HTTPError: HTTP Error 404: Not Found
f-israel-275,חטיף חלבון Quest Bar,חטיפי חלבון,חטיף (60g),190,21,21,7,14,error,,,,,,,https://www.foodsdictionary.co.il/Products/1/%D7%97%D7%98%D7%99%D7%A3%20%D7%97%D7%9C%D7%91%D7%95%D7%9F%20Quest%20Bar,HTTPError: HTTP Error 404: Not Found
f-israel-276,חטיף אנרגיה Nature Valley,חטיפים,יחידה (21g),95,2,14,3.5,1.2,error,,,,,,,https://www.foodsdictionary.co.il/Products/1/%D7%97%D7%98%D7%99%D7%A3%20%D7%90%D7%A0%D7%A8%D7%92%D7%99%D7%94%20Nature%20Valley,HTTPError: HTTP Error 404: Not Found
f-israel-277,חטיף אנרגיה FITFREE ללא סוכר,חטיפים,יחידה (25g),85,1.8,15,2.2,3.5,error,,,,,,,https://www.foodsdictionary.co.il/Products/1/%D7%97%D7%98%D7%99%D7%A3%20%D7%90%D7%A0%D7%A8%D7%92%D7%99%D7%94%20FITFREE%20%D7%9C%D7%9C%D7%90%20%D7%A1%D7%95%D7%9B%D7%A8,HTTPError: HTTP Error 404: Not Found
f-israel-278,במבה קלאסית (אסם),חטיפים,שקית קטנה (25g),133,3.5,10,8.8,1.2,error,,,,,,,https://www.foodsdictionary.co.il/Products/1/%D7%91%D7%9E%D7%91%D7%94%20%D7%A7%D7%9C%D7%90%D7%A1%D7%99%D7%AA%20%28%D7%90%D7%A1%D7%9D%29,HTTPError: HTTP Error 404: Not Found
f-israel-279,במבה פרו 12g חלבון,חטיפים,שקית (60g),280,12,22,16,3,error,,,,,,,https://www.foodsdictionary.co.il/Products/1/%D7%91%D7%9E%D7%91%D7%94%20%D7%A4%D7%A8%D7%95%2012g%20%D7%97%D7%9C%D7%91%D7%95%D7%9F,HTTPError: HTTP Error 404: Not Found
f-israel-280,ביסלי גריל / ברבקיו (אסם),חטיפים,שקית קטנה (35g),170,3.2,22,7.8,1,error,,,,,,,https://www.foodsdictionary.co.il/Products/1/%D7%91%D7%99%D7%A1%D7%9C%D7%99%20%D7%92%D7%A8%D7%99%D7%9C%20%2F%20%D7%91%D7%A8%D7%91%D7%A7%D7%99%D7%95%20%28%D7%90%D7%A1%D7%9D%29,HTTPError: HTTP Error 404: Not Found
f-israel-281,תפוצ'יפס קלאסי (שטראוס),חטיפים,שקית קטנה (50g),265,3,26,16.5,2,error,,,,,,,https://www.foodsdictionary.co.il/Products/1/%D7%AA%D7%A4%D7%95%D7%A6%27%D7%99%D7%A4%D7%A1%20%D7%A7%D7%9C%D7%90%D7%A1%D7%99%20%28%D7%A9%D7%98%D7%A8%D7%90%D7%95%D7%A1%29,HTTPError: HTTP Error 404: Not Found
f-israel-282,תפוצ'יפס Crunch,חטיפים,שקית קטנה (50g),270,3,25.5,17,2.2,error,,,,,,,https://www.foodsdictionary.co.il/Products/1/%D7%AA%D7%A4%D7%95%D7%A6%27%D7%99%D7%A4%D7%A1%20Crunch,HTTPError: HTTP Error 404: Not Found
f-israel-283,דורטוס חמוץ חריף,חטיפים,שקית קטנה (55g),275,3.5,32,14.5,2.5,error,,,,,,,https://www.foodsdictionary.co.il/Products/1/%D7%93%D7%95%D7%A8%D7%98%D7%95%D7%A1%20%D7%97%D7%9E%D7%95%D7%A5%20%D7%97%D7%A8%D7%99%D7%A3,HTTPError: HTTP Error 404: Not Found
f-israel-284,פופקורן ביתי ללא שמן / באוויר חם,חטיפים,100 גרם,380,12,72,4,14,error,,,,,,,https://www.foodsdictionary.co.il/Products/1/%D7%A4%D7%95%D7%A4%D7%A7%D7%95%D7%A8%D7%9F%20%D7%91%D7%99%D7%AA%D7%99%20%D7%9C%D7%9C%D7%90%20%D7%A9%D7%9E%D7%9F%20%2F%20%D7%91%D7%90%D7%95%D7%95%D7%99%D7%A8%20%D7%97%D7%9D,HTTPError: HTTP Error 404: Not Found
f-israel-285,פופקורן למיקרוגל במלח,חטיפים,100 גרם,450,8,58,22,9,error,,,,,,,https://www.foodsdictionary.co.il/Products/1/%D7%A4%D7%95%D7%A4%D7%A7%D7%95%D7%A8%D7%9F%20%D7%9C%D7%9E%D7%99%D7%A7%D7%A8%D7%95%D7%92%D7%9C%20%D7%91%D7%9E%D7%9C%D7%97,HTTPError: HTTP Error 404: Not Found
f-israel-286,שוקולד מריר 70% מוצקי קקאו,מתוקים,קוביה (10g),55,0.8,3.5,4,1,error,,,,,,,https://www.foodsdictionary.co.il/Products/1/%D7%A9%D7%95%D7%A7%D7%95%D7%9C%D7%93%20%D7%9E%D7%A8%D7%99%D7%A8%2070%25%20%D7%9E%D7%95%D7%A6%D7%A7%D7%99%20%D7%A7%D7%A7%D7%90%D7%95,HTTPError: HTTP Error 404: Not Found
f-israel-287,שוקולד מריר 85%,מתוקים,קוביה (10g),58,1,2.2,4.8,1.4,error,,,,,,,https://www.foodsdictionary.co.il/Products/1/%D7%A9%D7%95%D7%A7%D7%95%D7%9C%D7%93%20%D7%9E%D7%A8%D7%99%D7%A8%2085%25,HTTPError: HTTP Error 404: Not Found
f-israel-288,שוקולד חלב פרות (עלית),מתוקים,קוביה (10g),53,0.7,5.8,3,0.3,error,,,,,,,https://www.foodsdictionary.co.il/Products/1/%D7%A9%D7%95%D7%A7%D7%95%D7%9C%D7%93%20%D7%97%D7%9C%D7%91%20%D7%A4%D7%A8%D7%95%D7%AA%20%28%D7%A2%D7%9C%D7%99%D7%AA%29,HTTPError: HTTP Error 404: Not Found
f-israel-289,חטיף פסק זמן,מתוקים,יחידה (45g),245,3.2,26,14,1,error,,,,,,,https://www.foodsdictionary.co.il/Products/1/%D7%97%D7%98%D7%99%D7%A3%20%D7%A4%D7%A1%D7%A7%20%D7%96%D7%9E%D7%9F,HTTPError: HTTP Error 404: Not Found
f-israel-290,חטיף כיף כף,מתוקים,יחידה (45g),235,3,28,12.5,0.8,error,,,,,,,https://www.foodsdictionary.co.il/Products/1/%D7%97%D7%98%D7%99%D7%A3%20%D7%9B%D7%99%D7%A3%20%D7%9B%D7%A3,HTTPError: HTTP Error 404: Not Found
f-israel-291,חטיף אגוזי,מתוקים,יחידה (45g),220,2.5,27,11.5,1,error,,,,,,,https://www.foodsdictionary.co.il/Products/1/%D7%97%D7%98%D7%99%D7%A3%20%D7%90%D7%92%D7%95%D7%96%D7%99,HTTPError: HTTP Error 404: Not Found
f-israel-292,חטיף טוויסט,מתוקים,יחידה (28g),130,1.2,20,5,0.5,error,,,,,,,https://www.foodsdictionary.co.il/Products/1/%D7%97%D7%98%D7%99%D7%A3%20%D7%98%D7%95%D7%95%D7%99%D7%A1%D7%98,HTTPError: HTTP Error 404: Not Found
f-israel-293,חטיף טורטית,מתוקים,יחידה (40g),210,2,24,12,0.8,error,,,,,,,https://www.foodsdictionary.co.il/Products/1/%D7%97%D7%98%D7%99%D7%A3%20%D7%98%D7%95%D7%A8%D7%98%D7%99%D7%AA,HTTPError: HTTP Error 404: Not Found
f-israel-294,עוגיות אוראו,מתוקים,יחידה 1 (11g),52,0.5,7.8,2.2,0.3,error,,,,,,,https://www.foodsdictionary.co.il/Products/1/%D7%A2%D7%95%D7%92%D7%99%D7%95%D7%AA%20%D7%90%D7%95%D7%A8%D7%90%D7%95,HTTPError: HTTP Error 404: Not Found
f-israel-295,עוגיות מזרחיות / עוגיות עבאדי,מתוקים,100 גרם,460,10,62,18,3,error,,,,,,,https://www.foodsdictionary.co.il/Products/1/%D7%A2%D7%95%D7%92%D7%99%D7%95%D7%AA%20%D7%9E%D7%96%D7%A8%D7%97%D7%99%D7%95%D7%AA%20%2F%20%D7%A2%D7%95%D7%92%D7%99%D7%95%D7%AA%20%D7%A2%D7%91%D7%90%D7%93%D7%99,HTTPError: HTTP Error 404: Not Found
f-israel-296,גלידת נוקאאוט / מגנום,גלידות,יחידה (80g),260,3.2,24,17,0.8,error,,,,,,,https://www.foodsdictionary.co.il/Products/1/%D7%92%D7%9C%D7%99%D7%93%D7%AA%20%D7%A0%D7%95%D7%A7%D7%90%D7%90%D7%95%D7%98%20%2F%20%D7%9E%D7%92%D7%A0%D7%95%D7%9D,HTTPError: HTTP Error 404: Not Found
f-israel-297,ארטיק קרח לימון/דובדבן,גלידות,יחידה (70g),60,0,15,0,0,error,,,,,,,https://www.foodsdictionary.co.il/Products/1/%D7%90%D7%A8%D7%98%D7%99%D7%A7%20%D7%A7%D7%A8%D7%97%20%D7%9C%D7%99%D7%9E%D7%95%D7%9F%2F%D7%93%D7%95%D7%91%D7%93%D7%91%D7%9F,HTTPError: HTTP Error 404: Not Found
f-israel-298,שלגון פלדמן לייט (40 קלוריות),גלידות,יחידה (50g),40,1.5,7,0.5,1,error,,,,,,,https://www.foodsdictionary.co.il/Products/1/%D7%A9%D7%9C%D7%92%D7%95%D7%9F%20%D7%A4%D7%9C%D7%93%D7%9E%D7%9F%20%D7%9C%D7%99%D7%99%D7%98%20%2840%20%D7%A7%D7%9C%D7%95%D7%A8%D7%99%D7%95%D7%AA%29,HTTPError: HTTP Error 404: Not Found
f-israel-299,רסק עגבניות 28-30% (טל),שימורים,כף (30g),24,1,5,0.1,0.8,error,,,,,,,https://www.foodsdictionary.co.il/Products/1/%D7%A8%D7%A1%D7%A7%20%D7%A2%D7%92%D7%91%D7%A0%D7%99%D7%95%D7%AA%2028-30%25%20%28%D7%98%D7%9C%29,HTTPError: HTTP Error 404: Not Found
f-israel-300,עגבניות מרוסקות מקולפות (מוטי Mutti),שימורים,100 גרם,26,1.2,4.5,0.2,1,error,,,,,,,https://www.foodsdictionary.co.il/Products/1/%D7%A2%D7%92%D7%91%D7%A0%D7%99%D7%95%D7%AA%20%D7%9E%D7%A8%D7%95%D7%A1%D7%A7%D7%95%D7%AA%20%D7%9E%D7%A7%D7%95%D7%9C%D7%A4%D7%95%D7%AA%20%28%D7%9E%D7%95%D7%98%D7%99%20Mutti%29,HTTPError: HTTP Error 404: Not Found
f-israel-301,זיתים ירוקים מבוקעים (בית השיטה),שימורים,10 זיתים (30g),42,0.4,0.5,4.2,1,error,,,,,,,https://www.foodsdictionary.co.il/Products/1/%D7%96%D7%99%D7%AA%D7%99%D7%9D%20%D7%99%D7%A8%D7%95%D7%A7%D7%99%D7%9D%20%D7%9E%D7%91%D7%95%D7%A7%D7%A2%D7%99%D7%9D%20%28%D7%91%D7%99%D7%AA%20%D7%94%D7%A9%D7%99%D7%98%D7%94%29,HTTPError: HTTP Error 404: Not Found
f-israel-302,זיתים שחורים מושחזים,שימורים,10 זיתים (30g),38,0.3,1,3.6,0.8,error,,,,,,,https://www.foodsdictionary.co.il/Products/1/%D7%96%D7%99%D7%AA%D7%99%D7%9D%20%D7%A9%D7%97%D7%95%D7%A8%D7%99%D7%9D%20%D7%9E%D7%95%D7%A9%D7%97%D7%96%D7%99%D7%9D,HTTPError: HTTP Error 404: Not Found
f-israel-303,מלפפון חמוץ במלח / בחומץ (יבנה),שימורים,יחידה (30g),5,0.3,0.8,0.1,0.5,error,,,,,,,https://www.foodsdictionary.co.il/Products/1/%D7%9E%D7%9C%D7%A4%D7%A4%D7%95%D7%9F%20%D7%97%D7%9E%D7%95%D7%A5%20%D7%91%D7%9E%D7%9C%D7%97%20%2F%20%D7%91%D7%97%D7%95%D7%9E%D7%A5%20%28%D7%99%D7%91%D7%A0%D7%94%29,HTTPError: HTTP Error 404: Not Found
f-israel-304,טחינה משומשום מלא מוכנה בקופסה,שימורים,100 גרם,280,8,8,25,4,error,,,,,,,https://www.foodsdictionary.co.il/Products/1/%D7%98%D7%97%D7%99%D7%A0%D7%94%20%D7%9E%D7%A9%D7%95%D7%9E%D7%A9%D7%95%D7%9D%20%D7%9E%D7%9C%D7%90%20%D7%9E%D7%95%D7%9B%D7%A0%D7%94%20%D7%91%D7%A7%D7%95%D7%A4%D7%A1%D7%94,HTTPError: HTTP Error 404: Not Found
f-israel-305,חלב קוקוס לקארי 17% שומן,שימורים,"100 מ""ל",165,1.5,2.8,17,0,error,,,,,,,https://www.foodsdictionary.co.il/Products/1/%D7%97%D7%9C%D7%91%20%D7%A7%D7%95%D7%A7%D7%95%D7%A1%20%D7%9C%D7%A7%D7%90%D7%A8%D7%99%2017%25%20%D7%A9%D7%95%D7%9E%D7%9F,HTTPError: HTTP Error 404: Not Found
f-israel-306,קרם קוקוס 20%-22%,שימורים,"100 מ""ל",215,2,3.2,22,0,error,,,,,,,https://www.foodsdictionary.co.il/Products/1/%D7%A7%D7%A8%D7%9D%20%D7%A7%D7%95%D7%A7%D7%95%D7%A1%2020%25-22%25,HTTPError: HTTP Error 404: Not Found
f-israel-307,נודלס להקפצה (מאסטר שף),מזון מוכן,100 גרם מבושל,140,4.5,28,1,1.2,error,,,,,,,https://www.foodsdictionary.co.il/Products/1/%D7%A0%D7%95%D7%93%D7%9C%D7%A1%20%D7%9C%D7%94%D7%A7%D7%A4%D7%A6%D7%94%20%28%D7%9E%D7%90%D7%A1%D7%98%D7%A8%20%D7%A9%D7%A3%29,HTTPError: HTTP Error 404: Not Found
f-israel-308,דפי אורז לספרינג רול,דגנים ופחמימות,דף 1 (10g),33,0.6,7.8,0.1,0.2,error,,,,,,,https://www.foodsdictionary.co.il/Products/1/%D7%93%D7%A4%D7%99%20%D7%90%D7%95%D7%A8%D7%96%20%D7%9C%D7%A1%D7%A4%D7%A8%D7%99%D7%A0%D7%92%20%D7%A8%D7%95%D7%9C,HTTPError: HTTP Error 404: Not Found
f-israel-309,שקדי מרק (אסם),תוספות,כף (10g),53,1,5.2,3.2,0.3,error,,,,,,,https://www.foodsdictionary.co.il/Products/1/%D7%A9%D7%A7%D7%93%D7%99%20%D7%9E%D7%A8%D7%A7%20%28%D7%90%D7%A1%D7%9D%29,HTTPError: HTTP Error 404: Not Found
f-israel-310,סלט כרוב אדום במיונז מוכן,סלטים מוכנים,100 גרם,160,1.2,8,14,1.5,error,,,,,,,https://www.foodsdictionary.co.il/Products/1/%D7%A1%D7%9C%D7%98%20%D7%9B%D7%A8%D7%95%D7%91%20%D7%90%D7%93%D7%95%D7%9D%20%D7%91%D7%9E%D7%99%D7%95%D7%A0%D7%96%20%D7%9E%D7%95%D7%9B%D7%9F,HTTPError: HTTP Error 404: Not Found
f-israel-311,סלט טורקי מוכן (צבר),סלטים מוכנים,100 גרם,90,1.5,10,5,1.8,error,,,,,,,https://www.foodsdictionary.co.il/Products/1/%D7%A1%D7%9C%D7%98%20%D7%98%D7%95%D7%A8%D7%A7%D7%99%20%D7%9E%D7%95%D7%9B%D7%9F%20%28%D7%A6%D7%91%D7%A8%29,HTTPError: HTTP Error 404: Not Found
f-israel-312,סלט חצילים בטחינה מוכן,סלטים מוכנים,100 גרם,140,2.5,6,12,2,error,,,,,,,https://www.foodsdictionary.co.il/Products/1/%D7%A1%D7%9C%D7%98%20%D7%97%D7%A6%D7%99%D7%9C%D7%99%D7%9D%20%D7%91%D7%98%D7%97%D7%99%D7%A0%D7%94%20%D7%9E%D7%95%D7%9B%D7%9F,HTTPError: HTTP Error 404: Not Found
f-israel-313,סלט מטבוחה אסלית (אחלה),סלטים מוכנים,100 גרם,75,1.4,8.5,4,1.5,error,,,,,,,https://www.foodsdictionary.co.il/Products/1/%D7%A1%D7%9C%D7%98%20%D7%9E%D7%98%D7%91%D7%95%D7%97%D7%94%20%D7%90%D7%A1%D7%9C%D7%99%D7%AA%20%28%D7%90%D7%97%D7%9C%D7%94%29,HTTPError: HTTP Error 404: Not Found
f-israel-314,קפה שחור / נס קפה ללא חלב וללא סוכר,משקאות,"כוס (200 מ""ל)",2,0.2,0.3,0,0,error,,,,,,,https://www.foodsdictionary.co.il/Products/1/%D7%A7%D7%A4%D7%94%20%D7%A9%D7%97%D7%95%D7%A8%20%2F%20%D7%A0%D7%A1%20%D7%A7%D7%A4%D7%94%20%D7%9C%D7%9C%D7%90%20%D7%97%D7%9C%D7%91%20%D7%95%D7%9C%D7%9C%D7%90%20%D7%A1%D7%95%D7%9B%D7%A8,HTTPError: HTTP Error 404: Not Found
f-israel-315,מיץ תפוזים טבעי סחוט (פריגת),משקאות,"כוס (200 מ""ל)",90,1.4,20,0.2,0.4,error,,,,,,,https://www.foodsdictionary.co.il/Products/1/%D7%9E%D7%99%D7%A5%20%D7%AA%D7%A4%D7%95%D7%96%D7%99%D7%9D%20%D7%98%D7%91%D7%A2%D7%99%20%D7%A1%D7%97%D7%95%D7%98%20%28%D7%A4%D7%A8%D7%99%D7%92%D7%AA%29,HTTPError: HTTP Error 404: Not Found
f-israel-316,משקה קולה קלה / זירו Coca Cola Zero,משקאות,"כוס (200 מ""ל)",0,0,0,0,0,error,,,,,,,https://www.foodsdictionary.co.il/Products/1/%D7%9E%D7%A9%D7%A7%D7%94%20%D7%A7%D7%95%D7%9C%D7%94%20%D7%A7%D7%9C%D7%94%20%2F%20%D7%96%D7%99%D7%A8%D7%95%20Coca%20Cola%20Zero,HTTPError: HTTP Error 404: Not Found
f-israel-317,משקה ספרייט זירו / פאנטה זירו,משקאות,"כוס (200 מ""ל)",0,0,0,0,0,error,,,,,,,https://www.foodsdictionary.co.il/Products/1/%D7%9E%D7%A9%D7%A7%D7%94%20%D7%A1%D7%A4%D7%A8%D7%99%D7%99%D7%98%20%D7%96%D7%99%D7%A8%D7%95%20%2F%20%D7%A4%D7%90%D7%A0%D7%98%D7%94%20%D7%96%D7%99%D7%A8%D7%95,HTTPError: HTTP Error 404: Not Found
f-israel-318,מיץ ענבים תירוש לקידוש,משקאות,"כוס (100 מ""ל)",70,0.3,17,0,0,error,,,,,,,https://www.foodsdictionary.co.il/Products/1/%D7%9E%D7%99%D7%A5%20%D7%A2%D7%A0%D7%91%D7%99%D7%9D%20%D7%AA%D7%99%D7%A8%D7%95%D7%A9%20%D7%9C%D7%A7%D7%99%D7%93%D7%95%D7%A9,HTTPError: HTTP Error 404: Not Found
f-israel-319,משקה אלוורה עם חתיכות,משקאות,"כוס (200 מ""ל)",76,0,19,0,0,error,,,,,,,https://www.foodsdictionary.co.il/Products/1/%D7%9E%D7%A9%D7%A7%D7%94%20%D7%90%D7%9C%D7%95%D7%95%D7%A8%D7%94%20%D7%A2%D7%9D%20%D7%97%D7%AA%D7%99%D7%9B%D7%95%D7%AA,HTTPError: HTTP Error 404: Not Found
f-israel-320,בירה שחורה נשר מאלט,משקאות,"בקבוק (330 מ""ל)",115,0.8,28,0,0,error,,,,,,,https://www.foodsdictionary.co.il/Products/1/%D7%91%D7%99%D7%A8%D7%94%20%D7%A9%D7%97%D7%95%D7%A8%D7%94%20%D7%A0%D7%A9%D7%A8%20%D7%9E%D7%90%D7%9C%D7%98,HTTPError: HTTP Error 404: Not Found
f-israel-321,בירה לבנה 5% אלכוהול (גולדסטאר/מכבי),משקאות,"פחית (330 מ""ל)",140,1.2,11,0,0,error,,,,,,,https://www.foodsdictionary.co.il/Products/1/%D7%91%D7%99%D7%A8%D7%94%20%D7%9C%D7%91%D7%A0%D7%94%205%25%20%D7%90%D7%9C%D7%9B%D7%95%D7%94%D7%95%D7%9C%20%28%D7%92%D7%95%D7%9C%D7%93%D7%A1%D7%98%D7%90%D7%A8%2F%D7%9E%D7%9B%D7%91%D7%99%29,HTTPError: HTTP Error 404: Not Found
f-israel-322,יין אדום יבש,משקאות,"כוס (150 מ""ל)",125,0.1,3.8,0,0,error,,,,,,,https://www.foodsdictionary.co.il/Products/1/%D7%99%D7%99%D7%9F%20%D7%90%D7%93%D7%95%D7%9D%20%D7%99%D7%91%D7%A9,HTTPError: HTTP Error 404: Not Found
f-israel-323,גבינה לבנה 0% - תנובה,גבינות,100 גרם,60,10,1.8,0,0,error,,,,,,,https://www.foodsdictionary.co.il/Products/1/%D7%92%D7%91%D7%99%D7%A0%D7%94%20%D7%9C%D7%91%D7%A0%D7%94%200%25%20-%20%D7%AA%D7%A0%D7%95%D7%91%D7%94,HTTPError: HTTP Error 404: Not Found
f-israel-324,גבינה לבנה 1% - תנובה,גבינות,100 גרם,68,10,1.8,1,0,error,,,,,,,https://www.foodsdictionary.co.il/Products/1/%D7%92%D7%91%D7%99%D7%A0%D7%94%20%D7%9C%D7%91%D7%A0%D7%94%201%25%20-%20%D7%AA%D7%A0%D7%95%D7%91%D7%94,HTTPError: HTTP Error 404: Not Found
f-israel-325,גבינה לבנה 3% - תנובה,גבינות,100 גרם,84,10,1.8,3,0,error,,,,,,,https://www.foodsdictionary.co.il/Products/1/%D7%92%D7%91%D7%99%D7%A0%D7%94%20%D7%9C%D7%91%D7%A0%D7%94%203%25%20-%20%D7%AA%D7%A0%D7%95%D7%91%D7%94,HTTPError: HTTP Error 404: Not Found
f-israel-326,גבינה לבנה 15% - תנובה,גבינות,100 גרם,180,8.5,1.8,15,0,error,,,,,,,https://www.foodsdictionary.co.il/Products/1/%D7%92%D7%91%D7%99%D7%A0%D7%94%20%D7%9C%D7%91%D7%A0%D7%94%2015%25%20-%20%D7%AA%D7%A0%D7%95%D7%91%D7%94,HTTPError: HTTP Error 404: Not Found
f-israel-327,גבינה לבנה 28% - תנובה,גבינות,100 גרם,284,8.5,1.8,28,0,error,,,,,,,https://www.foodsdictionary.co.il/Products/1/%D7%92%D7%91%D7%99%D7%A0%D7%94%20%D7%9C%D7%91%D7%A0%D7%94%2028%25%20-%20%D7%AA%D7%A0%D7%95%D7%91%D7%94,HTTPError: HTTP Error 404: Not Found
f-israel-328,גבינה לבנה 0% - שטראוס,גבינות,100 גרם,60,10,1.8,0,0,error,,,,,,,https://www.foodsdictionary.co.il/Products/1/%D7%92%D7%91%D7%99%D7%A0%D7%94%20%D7%9C%D7%91%D7%A0%D7%94%200%25%20-%20%D7%A9%D7%98%D7%A8%D7%90%D7%95%D7%A1,HTTPError: HTTP Error 404: Not Found
f-israel-329,גבינה לבנה 1% - שטראוס,גבינות,100 גרם,68,10,1.8,1,0,error,,,,,,,https://www.foodsdictionary.co.il/Products/1/%D7%92%D7%91%D7%99%D7%A0%D7%94%20%D7%9C%D7%91%D7%A0%D7%94%201%25%20-%20%D7%A9%D7%98%D7%A8%D7%90%D7%95%D7%A1,HTTPError: HTTP Error 404: Not Found
f-israel-330,גבינה לבנה 5% - שטראוס,גבינות,100 גרם,100,10,1.8,5,0,error,,,,,,,https://www.foodsdictionary.co.il/Products/1/%D7%92%D7%91%D7%99%D7%A0%D7%94%20%D7%9C%D7%91%D7%A0%D7%94%205%25%20-%20%D7%A9%D7%98%D7%A8%D7%90%D7%95%D7%A1,HTTPError: HTTP Error 404: Not Found
f-israel-331,גבינה לבנה 9% - שטראוס,גבינות,100 גרם,132,10,1.8,9,0,error,,,,,,,https://www.foodsdictionary.co.il/Products/1/%D7%92%D7%91%D7%99%D7%A0%D7%94%20%D7%9C%D7%91%D7%A0%D7%94%209%25%20-%20%D7%A9%D7%98%D7%A8%D7%90%D7%95%D7%A1,HTTPError: HTTP Error 404: Not Found
f-israel-332,גבינה לבנה 15% - שטראוס,גבינות,100 גרם,180,8.5,1.8,15,0,error,,,,,,,https://www.foodsdictionary.co.il/Products/1/%D7%92%D7%91%D7%99%D7%A0%D7%94%20%D7%9C%D7%91%D7%A0%D7%94%2015%25%20-%20%D7%A9%D7%98%D7%A8%D7%90%D7%95%D7%A1,HTTPError: HTTP Error 404: Not Found
f-israel-333,גבינה לבנה 28% - שטראוס,גבינות,100 גרם,284,8.5,1.8,28,0,error,,,,,,,https://www.foodsdictionary.co.il/Products/1/%D7%92%D7%91%D7%99%D7%A0%D7%94%20%D7%9C%D7%91%D7%A0%D7%94%2028%25%20-%20%D7%A9%D7%98%D7%A8%D7%90%D7%95%D7%A1,HTTPError: HTTP Error 404: Not Found
f-israel-334,גבינה לבנה 0% - טרה,גבינות,100 גרם,60,10,1.8,0,0,error,,,,,,,https://www.foodsdictionary.co.il/Products/1/%D7%92%D7%91%D7%99%D7%A0%D7%94%20%D7%9C%D7%91%D7%A0%D7%94%200%25%20-%20%D7%98%D7%A8%D7%94,HTTPError: HTTP Error 404: Not Found
f-israel-335,גבינה לבנה 1% - טרה,גבינות,100 גרם,68,10,1.8,1,0,error,,,,,,,https://www.foodsdictionary.co.il/Products/1/%D7%92%D7%91%D7%99%D7%A0%D7%94%20%D7%9C%D7%91%D7%A0%D7%94%201%25%20-%20%D7%98%D7%A8%D7%94,HTTPError: HTTP Error 404: Not Found
f-israel-336,גבינה לבנה 3% - טרה,גבינות,100 גרם,84,10,1.8,3,0,error,,,,,,,https://www.foodsdictionary.co.il/Products/1/%D7%92%D7%91%D7%99%D7%A0%D7%94%20%D7%9C%D7%91%D7%A0%D7%94%203%25%20-%20%D7%98%D7%A8%D7%94,HTTPError: HTTP Error 404: Not Found
f-israel-337,גבינה לבנה 5% - טרה,גבינות,100 גרם,100,10,1.8,5,0,error,,,,,,,https://www.foodsdictionary.co.il/Products/1/%D7%92%D7%91%D7%99%D7%A0%D7%94%20%D7%9C%D7%91%D7%A0%D7%94%205%25%20-%20%D7%98%D7%A8%D7%94,HTTPError: HTTP Error 404: Not Found
f-israel-338,גבינה לבנה 9% - טרה,גבינות,100 גרם,132,10,1.8,9,0,error,,,,,,,https://www.foodsdictionary.co.il/Products/1/%D7%92%D7%91%D7%99%D7%A0%D7%94%20%D7%9C%D7%91%D7%A0%D7%94%209%25%20-%20%D7%98%D7%A8%D7%94,HTTPError: HTTP Error 404: Not Found
f-israel-339,גבינה לבנה 15% - טרה,גבינות,100 גרם,180,8.5,1.8,15,0,error,,,,,,,https://www.foodsdictionary.co.il/Products/1/%D7%92%D7%91%D7%99%D7%A0%D7%94%20%D7%9C%D7%91%D7%A0%D7%94%2015%25%20-%20%D7%98%D7%A8%D7%94,HTTPError: HTTP Error 404: Not Found
f-israel-340,גבינה לבנה 28% - טרה,גבינות,100 גרם,284,8.5,1.8,28,0,error,,,,,,,https://www.foodsdictionary.co.il/Products/1/%D7%92%D7%91%D7%99%D7%A0%D7%94%20%D7%9C%D7%91%D7%A0%D7%94%2028%25%20-%20%D7%98%D7%A8%D7%94,HTTPError: HTTP Error 404: Not Found
f-israel-341,גבינה לבנה 0% - שופרסל,גבינות,100 גרם,60,10,1.8,0,0,error,,,,,,,https://www.foodsdictionary.co.il/Products/1/%D7%92%D7%91%D7%99%D7%A0%D7%94%20%D7%9C%D7%91%D7%A0%D7%94%200%25%20-%20%D7%A9%D7%95%D7%A4%D7%A8%D7%A1%D7%9C,HTTPError: HTTP Error 404: Not Found
f-israel-342,גבינה לבנה 1% - שופרסל,גבינות,100 גרם,68,10,1.8,1,0,error,,,,,,,https://www.foodsdictionary.co.il/Products/1/%D7%92%D7%91%D7%99%D7%A0%D7%94%20%D7%9C%D7%91%D7%A0%D7%94%201%25%20-%20%D7%A9%D7%95%D7%A4%D7%A8%D7%A1%D7%9C,HTTPError: HTTP Error 404: Not Found
f-israel-343,גבינה לבנה 3% - שופרסל,גבינות,100 גרם,84,10,1.8,3,0,error,,,,,,,https://www.foodsdictionary.co.il/Products/1/%D7%92%D7%91%D7%99%D7%A0%D7%94%20%D7%9C%D7%91%D7%A0%D7%94%203%25%20-%20%D7%A9%D7%95%D7%A4%D7%A8%D7%A1%D7%9C,HTTPError: HTTP Error 404: Not Found
f-israel-344,גבינה לבנה 5% - שופרסל,גבינות,100 גרם,100,10,1.8,5,0,error,,,,,,,https://www.foodsdictionary.co.il/Products/1/%D7%92%D7%91%D7%99%D7%A0%D7%94%20%D7%9C%D7%91%D7%A0%D7%94%205%25%20-%20%D7%A9%D7%95%D7%A4%D7%A8%D7%A1%D7%9C,HTTPError: HTTP Error 404: Not Found
f-israel-345,גבינה לבנה 9% - שופרסל,גבינות,100 גרם,132,10,1.8,9,0,error,,,,,,,https://www.foodsdictionary.co.il/Products/1/%D7%92%D7%91%D7%99%D7%A0%D7%94%20%D7%9C%D7%91%D7%A0%D7%94%209%25%20-%20%D7%A9%D7%95%D7%A4%D7%A8%D7%A1%D7%9C,HTTPError: HTTP Error 404: Not Found
f-israel-346,גבינה לבנה 15% - שופרסל,גבינות,100 גרם,180,8.5,1.8,15,0,error,,,,,,,https://www.foodsdictionary.co.il/Products/1/%D7%92%D7%91%D7%99%D7%A0%D7%94%20%D7%9C%D7%91%D7%A0%D7%94%2015%25%20-%20%D7%A9%D7%95%D7%A4%D7%A8%D7%A1%D7%9C,HTTPError: HTTP Error 404: Not Found
f-israel-347,גבינה לבנה 28% - שופרסל,גבינות,100 גרם,284,8.5,1.8,28,0,error,,,,,,,https://www.foodsdictionary.co.il/Products/1/%D7%92%D7%91%D7%99%D7%A0%D7%94%20%D7%9C%D7%91%D7%A0%D7%94%2028%25%20-%20%D7%A9%D7%95%D7%A4%D7%A8%D7%A1%D7%9C,HTTPError: HTTP Error 404: Not Found
f-israel-348,קוטג' 1% - תנובה,גבינות,100 גרם,75,11.2,1.5,1,0,error,,,,,,,https://www.foodsdictionary.co.il/Products/1/%D7%A7%D7%95%D7%98%D7%92%27%201%25%20-%20%D7%AA%D7%A0%D7%95%D7%91%D7%94,HTTPError: HTTP Error 404: Not Found
f-israel-349,קוטג' 9% - תנובה,גבינות,100 גרם,131,10,1.5,9,0,error,,,,,,,https://www.foodsdictionary.co.il/Products/1/%D7%A7%D7%95%D7%98%D7%92%27%209%25%20-%20%D7%AA%D7%A0%D7%95%D7%91%D7%94,HTTPError: HTTP Error 404: Not Found
f-israel-350,קוטג' 1% - שטראוס,גבינות,100 גרם,75,11.2,1.5,1,0,error,,,,,,,https://www.foodsdictionary.co.il/Products/1/%D7%A7%D7%95%D7%98%D7%92%27%201%25%20-%20%D7%A9%D7%98%D7%A8%D7%90%D7%95%D7%A1,HTTPError: HTTP Error 404: Not Found
f-israel-351,קוטג' 3% - שטראוס,גבינות,100 גרם,89,11.2,1.5,3,0,error,,,,,,,https://www.foodsdictionary.co.il/Products/1/%D7%A7%D7%95%D7%98%D7%92%27%203%25%20-%20%D7%A9%D7%98%D7%A8%D7%90%D7%95%D7%A1,HTTPError: HTTP Error 404: Not Found
f-israel-352,קוטג' 5% - שטראוס,גבינות,100 גרם,103,11.2,1.5,5,0,error,,,,,,,https://www.foodsdictionary.co.il/Products/1/%D7%A7%D7%95%D7%98%D7%92%27%205%25%20-%20%D7%A9%D7%98%D7%A8%D7%90%D7%95%D7%A1,HTTPError: HTTP Error 404: Not Found
f-israel-353,קוטג' 1% - טרה,גבינות,100 גרם,75,11.2,1.5,1,0,error,,,,,,,https://www.foodsdictionary.co.il/Products/1/%D7%A7%D7%95%D7%98%D7%92%27%201%25%20-%20%D7%98%D7%A8%D7%94,HTTPError: HTTP Error 404: Not Found
f-israel-354,קוטג' 3% - טרה,גבינות,100 גרם,89,11.2,1.5,3,0,error,,,,,,,https://www.foodsdictionary.co.il/Products/1/%D7%A7%D7%95%D7%98%D7%92%27%203%25%20-%20%D7%98%D7%A8%D7%94,HTTPError: HTTP Error 404: Not Found
f-israel-355,קוטג' 5% - טרה,גבינות,100 גרם,103,11.2,1.5,5,0,error,,,,,,,https://www.foodsdictionary.co.il/Products/1/%D7%A7%D7%95%D7%98%D7%92%27%205%25%20-%20%D7%98%D7%A8%D7%94,HTTPError: HTTP Error 404: Not Found
f-israel-356,קוטג' 9% - טרה,גבינות,100 גרם,131,10,1.5,9,0,error,,,,,,,https://www.foodsdictionary.co.il/Products/1/%D7%A7%D7%95%D7%98%D7%92%27%209%25%20-%20%D7%98%D7%A8%D7%94,HTTPError: HTTP Error 404: Not Found
f-israel-357,קוטג' 1% - שופרסל,גבינות,100 גרם,75,11.2,1.5,1,0,error,,,,,,,https://www.foodsdictionary.co.il/Products/1/%D7%A7%D7%95%D7%98%D7%92%27%201%25%20-%20%D7%A9%D7%95%D7%A4%D7%A8%D7%A1%D7%9C,HTTPError: HTTP Error 404: Not Found
f-israel-358,קוטג' 3% - שופרסל,גבינות,100 גרם,89,11.2,1.5,3,0,error,,,,,,,https://www.foodsdictionary.co.il/Products/1/%D7%A7%D7%95%D7%98%D7%92%27%203%25%20-%20%D7%A9%D7%95%D7%A4%D7%A8%D7%A1%D7%9C,HTTPError: HTTP Error 404: Not Found
f-israel-359,קוטג' 5% - שופרסל,גבינות,100 גרם,103,11.2,1.5,5,0,error,,,,,,,https://www.foodsdictionary.co.il/Products/1/%D7%A7%D7%95%D7%98%D7%92%27%205%25%20-%20%D7%A9%D7%95%D7%A4%D7%A8%D7%A1%D7%9C,HTTPError: HTTP Error 404: Not Found
f-israel-360,קוטג' 9% - שופרסל,גבינות,100 גרם,131,10,1.5,9,0,error,,,,,,,https://www.foodsdictionary.co.il/Products/1/%D7%A7%D7%95%D7%98%D7%92%27%209%25%20-%20%D7%A9%D7%95%D7%A4%D7%A8%D7%A1%D7%9C,HTTPError: HTTP Error 404: Not Found
f-israel-361,גבינה בולגרית 5% - פיראוס,גבינות מלוחות,100 גרם,130,14.5,1.2,5,0,error,,,,,,,https://www.foodsdictionary.co.il/Products/1/%D7%92%D7%91%D7%99%D7%A0%D7%94%20%D7%91%D7%95%D7%9C%D7%92%D7%A8%D7%99%D7%AA%205%25%20-%20%D7%A4%D7%99%D7%A8%D7%90%D7%95%D7%A1,HTTPError: HTTP Error 404: Not Found
f-israel-362,גבינה בולגרית 9% - פיראוס,גבינות מלוחות,100 גרם,158,14.5,1.2,9,0,error,,,,,,,https://www.foodsdictionary.co.il/Products/1/%D7%92%D7%91%D7%99%D7%A0%D7%94%20%D7%91%D7%95%D7%9C%D7%92%D7%A8%D7%99%D7%AA%209%25%20-%20%D7%A4%D7%99%D7%A8%D7%90%D7%95%D7%A1,HTTPError: HTTP Error 404: Not Found
f-israel-363,גבינה בולגרית 16% - פיראוס,גבינות מלוחות,100 גרם,207,14.5,1.2,16,0,error,,,,,,,https://www.foodsdictionary.co.il/Products/1/%D7%92%D7%91%D7%99%D7%A0%D7%94%20%D7%91%D7%95%D7%9C%D7%92%D7%A8%D7%99%D7%AA%2016%25%20-%20%D7%A4%D7%99%D7%A8%D7%90%D7%95%D7%A1,HTTPError: HTTP Error 404: Not Found
f-israel-364,גבינה בולגרית 24% - פיראוס,גבינות מלוחות,100 גרם,263,14.5,1.2,24,0,error,,,,,,,https://www.foodsdictionary.co.il/Products/1/%D7%92%D7%91%D7%99%D7%A0%D7%94%20%D7%91%D7%95%D7%9C%D7%92%D7%A8%D7%99%D7%AA%2024%25%20-%20%D7%A4%D7%99%D7%A8%D7%90%D7%95%D7%A1,HTTPError: HTTP Error 404: Not Found
f-israel-365,גבינה בולגרית 5% - צוריאל,גבינות מלוחות,100 גרם,130,14.5,1.2,5,0,error,,,,,,,https://www.foodsdictionary.co.il/Products/1/%D7%92%D7%91%D7%99%D7%A0%D7%94%20%D7%91%D7%95%D7%9C%D7%92%D7%A8%D7%99%D7%AA%205%25%20-%20%D7%A6%D7%95%D7%A8%D7%99%D7%90%D7%9C,HTTPError: HTTP Error 404: Not Found
f-israel-366,גבינה בולגרית 9% - צוריאל,גבינות מלוחות,100 גרם,158,14.5,1.2,9,0,error,,,,,,,https://www.foodsdictionary.co.il/Products/1/%D7%92%D7%91%D7%99%D7%A0%D7%94%20%D7%91%D7%95%D7%9C%D7%92%D7%A8%D7%99%D7%AA%209%25%20-%20%D7%A6%D7%95%D7%A8%D7%99%D7%90%D7%9C,HTTPError: HTTP Error 404: Not Found
f-israel-367,גבינה בולגרית 16% - צוריאל,גבינות מלוחות,100 גרם,207,14.5,1.2,16,0,error,,,,,,,https://www.foodsdictionary.co.il/Products/1/%D7%92%D7%91%D7%99%D7%A0%D7%94%20%D7%91%D7%95%D7%9C%D7%92%D7%A8%D7%99%D7%AA%2016%25%20-%20%D7%A6%D7%95%D7%A8%D7%99%D7%90%D7%9C,HTTPError: HTTP Error 404: Not Found
f-israel-368,גבינה בולגרית 24% - צוריאל,גבינות מלוחות,100 גרם,263,14.5,1.2,24,0,error,,,,,,,https://www.foodsdictionary.co.il/Products/1/%D7%92%D7%91%D7%99%D7%A0%D7%94%20%D7%91%D7%95%D7%9C%D7%92%D7%A8%D7%99%D7%AA%2024%25%20-%20%D7%A6%D7%95%D7%A8%D7%99%D7%90%D7%9C,HTTPError: HTTP Error 404: Not Found
f-israel-369,גבינה בולגרית 5% - גד,גבינות מלוחות,100 גרם,130,14.5,1.2,5,0,error,,,,,,,https://www.foodsdictionary.co.il/Products/1/%D7%92%D7%91%D7%99%D7%A0%D7%94%20%D7%91%D7%95%D7%9C%D7%92%D7%A8%D7%99%D7%AA%205%25%20-%20%D7%92%D7%93,HTTPError: HTTP Error 404: Not Found
f-israel-370,גבינה בולגרית 9% - גד,גבינות מלוחות,100 גרם,158,14.5,1.2,9,0,error,,,,,,,https://www.foodsdictionary.co.il/Products/1/%D7%92%D7%91%D7%99%D7%A0%D7%94%20%D7%91%D7%95%D7%9C%D7%92%D7%A8%D7%99%D7%AA%209%25%20-%20%D7%92%D7%93,HTTPError: HTTP Error 404: Not Found
f-israel-371,גבינה בולגרית 16% - גד,גבינות מלוחות,100 גרם,207,14.5,1.2,16,0,error,,,,,,,https://www.foodsdictionary.co.il/Products/1/%D7%92%D7%91%D7%99%D7%A0%D7%94%20%D7%91%D7%95%D7%9C%D7%92%D7%A8%D7%99%D7%AA%2016%25%20-%20%D7%92%D7%93,HTTPError: HTTP Error 404: Not Found
f-israel-372,גבינה בולגרית 24% - גד,גבינות מלוחות,100 גרם,263,14.5,1.2,24,0,error,,,,,,,https://www.foodsdictionary.co.il/Products/1/%D7%92%D7%91%D7%99%D7%A0%D7%94%20%D7%91%D7%95%D7%9C%D7%92%D7%A8%D7%99%D7%AA%2024%25%20-%20%D7%92%D7%93,HTTPError: HTTP Error 404: Not Found
f-israel-373,גבינה בולגרית 5% - תנובה,גבינות מלוחות,100 גרם,130,14.5,1.2,5,0,error,,,,,,,https://www.foodsdictionary.co.il/Products/1/%D7%92%D7%91%D7%99%D7%A0%D7%94%20%D7%91%D7%95%D7%9C%D7%92%D7%A8%D7%99%D7%AA%205%25%20-%20%D7%AA%D7%A0%D7%95%D7%91%D7%94,HTTPError: HTTP Error 404: Not Found
f-israel-374,גבינה בולגרית 9% - תנובה,גבינות מלוחות,100 גרם,158,14.5,1.2,9,0,error,,,,,,,https://www.foodsdictionary.co.il/Products/1/%D7%92%D7%91%D7%99%D7%A0%D7%94%20%D7%91%D7%95%D7%9C%D7%92%D7%A8%D7%99%D7%AA%209%25%20-%20%D7%AA%D7%A0%D7%95%D7%91%D7%94,HTTPError: HTTP Error 404: Not Found
f-israel-375,גבינה בולגרית 16% - תנובה,גבינות מלוחות,100 גרם,207,14.5,1.2,16,0,error,,,,,,,https://www.foodsdictionary.co.il/Products/1/%D7%92%D7%91%D7%99%D7%A0%D7%94%20%D7%91%D7%95%D7%9C%D7%92%D7%A8%D7%99%D7%AA%2016%25%20-%20%D7%AA%D7%A0%D7%95%D7%91%D7%94,HTTPError: HTTP Error 404: Not Found
f-israel-376,גבינה בולגרית 24% - תנובה,גבינות מלוחות,100 גרם,263,14.5,1.2,24,0,error,,,,,,,https://www.foodsdictionary.co.il/Products/1/%D7%92%D7%91%D7%99%D7%A0%D7%94%20%D7%91%D7%95%D7%9C%D7%92%D7%A8%D7%99%D7%AA%2024%25%20-%20%D7%AA%D7%A0%D7%95%D7%91%D7%94,HTTPError: HTTP Error 404: Not Found
f-israel-377,יוגורט דנונה / ביו 0% - תנובה,יוגורט,100 גרם,40,4.5,4.8,0,0,error,,,,,,,https://www.foodsdictionary.co.il/Products/1/%D7%99%D7%95%D7%92%D7%95%D7%A8%D7%98%20%D7%93%D7%A0%D7%95%D7%A0%D7%94%20%2F%20%D7%91%D7%99%D7%95%200%25%20-%20%D7%AA%D7%A0%D7%95%D7%91%D7%94,HTTPError: HTTP Error 404: Not Found
f-israel-378,יוגורט דנונה / ביו 1.5% - תנובה,יוגורט,100 גרם,67,4.5,4.8,1.5,0,error,,,,,,,https://www.foodsdictionary.co.il/Products/1/%D7%99%D7%95%D7%92%D7%95%D7%A8%D7%98%20%D7%93%D7%A0%D7%95%D7%A0%D7%94%20%2F%20%D7%91%D7%99%D7%95%201.5%25%20-%20%D7%AA%D7%A0%D7%95%D7%91%D7%94,HTTPError: HTTP Error 404: Not Found
f-israel-379,יוגורט דנונה / ביו 3% - תנובה,יוגורט,100 גרם,94,4.5,4.8,3,0,error,,,,,,,https://www.foodsdictionary.co.il/Products/1/%D7%99%D7%95%D7%92%D7%95%D7%A8%D7%98%20%D7%93%D7%A0%D7%95%D7%A0%D7%94%20%2F%20%D7%91%D7%99%D7%95%203%25%20-%20%D7%AA%D7%A0%D7%95%D7%91%D7%94,HTTPError: HTTP Error 404: Not Found
f-israel-380,יוגורט דנונה / ביו 4.5% - תנובה,יוגורט,100 גרם,121,4.5,4.8,4.5,0,error,,,,,,,https://www.foodsdictionary.co.il/Products/1/%D7%99%D7%95%D7%92%D7%95%D7%A8%D7%98%20%D7%93%D7%A0%D7%95%D7%A0%D7%94%20%2F%20%D7%91%D7%99%D7%95%204.5%25%20-%20%D7%AA%D7%A0%D7%95%D7%91%D7%94,HTTPError: HTTP Error 404: Not Found
f-israel-381,יוגורט דנונה / ביו 0% - שטראוס,יוגורט,100 גרם,40,4.5,4.8,0,0,error,,,,,,,https://www.foodsdictionary.co.il/Products/1/%D7%99%D7%95%D7%92%D7%95%D7%A8%D7%98%20%D7%93%D7%A0%D7%95%D7%A0%D7%94%20%2F%20%D7%91%D7%99%D7%95%200%25%20-%20%D7%A9%D7%98%D7%A8%D7%90%D7%95%D7%A1,HTTPError: HTTP Error 404: Not Found
f-israel-382,יוגורט דנונה / ביו 1.5% - שטראוס,יוגורט,100 גרם,67,4.5,4.8,1.5,0,error,,,,,,,https://www.foodsdictionary.co.il/Products/1/%D7%99%D7%95%D7%92%D7%95%D7%A8%D7%98%20%D7%93%D7%A0%D7%95%D7%A0%D7%94%20%2F%20%D7%91%D7%99%D7%95%201.5%25%20-%20%D7%A9%D7%98%D7%A8%D7%90%D7%95%D7%A1,HTTPError: HTTP Error 404: Not Found
f-israel-383,יוגורט דנונה / ביו 3% - שטראוס,יוגורט,100 גרם,94,4.5,4.8,3,0,error,,,,,,,https://www.foodsdictionary.co.il/Products/1/%D7%99%D7%95%D7%92%D7%95%D7%A8%D7%98%20%D7%93%D7%A0%D7%95%D7%A0%D7%94%20%2F%20%D7%91%D7%99%D7%95%203%25%20-%20%D7%A9%D7%98%D7%A8%D7%90%D7%95%D7%A1,HTTPError: HTTP Error 404: Not Found
f-israel-384,יוגורט דנונה / ביו 4.5% - שטראוס,יוגורט,100 גרם,121,4.5,4.8,4.5,0,error,,,,,,,https://www.foodsdictionary.co.il/Products/1/%D7%99%D7%95%D7%92%D7%95%D7%A8%D7%98%20%D7%93%D7%A0%D7%95%D7%A0%D7%94%20%2F%20%D7%91%D7%99%D7%95%204.5%25%20-%20%D7%A9%D7%98%D7%A8%D7%90%D7%95%D7%A1,HTTPError: HTTP Error 404: Not Found
f-israel-385,יוגורט דנונה / ביו 0% - יוטבתה,יוגורט,100 גרם,40,4.5,4.8,0,0,error,,,,,,,https://www.foodsdictionary.co.il/Products/1/%D7%99%D7%95%D7%92%D7%95%D7%A8%D7%98%20%D7%93%D7%A0%D7%95%D7%A0%D7%94%20%2F%20%D7%91%D7%99%D7%95%200%25%20-%20%D7%99%D7%95%D7%98%D7%91%D7%AA%D7%94,HTTPError: HTTP Error 404: Not Found
f-israel-386,יוגורט דנונה / ביו 1.5% - יוטבתה,יוגורט,100 גרם,67,4.5,4.8,1.5,0,error,,,,,,,https://www.foodsdictionary.co.il/Products/1/%D7%99%D7%95%D7%92%D7%95%D7%A8%D7%98%20%D7%93%D7%A0%D7%95%D7%A0%D7%94%20%2F%20%D7%91%D7%99%D7%95%201.5%25%20-%20%D7%99%D7%95%D7%98%D7%91%D7%AA%D7%94,HTTPError: HTTP Error 404: Not Found
f-israel-387,יוגורט דנונה / ביו 3% - יוטבתה,יוגורט,100 גרם,94,4.5,4.8,3,0,error,,,,,,,https://www.foodsdictionary.co.il/Products/1/%D7%99%D7%95%D7%92%D7%95%D7%A8%D7%98%20%D7%93%D7%A0%D7%95%D7%A0%D7%94%20%2F%20%D7%91%D7%99%D7%95%203%25%20-%20%D7%99%D7%95%D7%98%D7%91%D7%AA%D7%94,HTTPError: HTTP Error 404: Not Found
f-israel-388,יוגורט דנונה / ביו 4.5% - יוטבתה,יוגורט,100 גרם,121,4.5,4.8,4.5,0,error,,,,,,,https://www.foodsdictionary.co.il/Products/1/%D7%99%D7%95%D7%92%D7%95%D7%A8%D7%98%20%D7%93%D7%A0%D7%95%D7%A0%D7%94%20%2F%20%D7%91%D7%99%D7%95%204.5%25%20-%20%D7%99%D7%95%D7%98%D7%91%D7%AA%D7%94,HTTPError: HTTP Error 404: Not Found
f-israel-389,יוגורט דנונה / ביו 0% - שופרסל,יוגורט,100 גרם,40,4.5,4.8,0,0,error,,,,,,,https://www.foodsdictionary.co.il/Products/1/%D7%99%D7%95%D7%92%D7%95%D7%A8%D7%98%20%D7%93%D7%A0%D7%95%D7%A0%D7%94%20%2F%20%D7%91%D7%99%D7%95%200%25%20-%20%D7%A9%D7%95%D7%A4%D7%A8%D7%A1%D7%9C,HTTPError: HTTP Error 404: Not Found
f-israel-390,יוגורט דנונה / ביו 1.5% - שופרסל,יוגורט,100 גרם,67,4.5,4.8,1.5,0,error,,,,,,,https://www.foodsdictionary.co.il/Products/1/%D7%99%D7%95%D7%92%D7%95%D7%A8%D7%98%20%D7%93%D7%A0%D7%95%D7%A0%D7%94%20%2F%20%D7%91%D7%99%D7%95%201.5%25%20-%20%D7%A9%D7%95%D7%A4%D7%A8%D7%A1%D7%9C,HTTPError: HTTP Error 404: Not Found
f-israel-391,יוגורט דנונה / ביו 3% - שופרסל,יוגורט,100 גרם,94,4.5,4.8,3,0,error,,,,,,,https://www.foodsdictionary.co.il/Products/1/%D7%99%D7%95%D7%92%D7%95%D7%A8%D7%98%20%D7%93%D7%A0%D7%95%D7%A0%D7%94%20%2F%20%D7%91%D7%99%D7%95%203%25%20-%20%D7%A9%D7%95%D7%A4%D7%A8%D7%A1%D7%9C,HTTPError: HTTP Error 404: Not Found
f-israel-392,יוגורט דנונה / ביו 4.5% - שופרסל,יוגורט,100 גרם,121,4.5,4.8,4.5,0,error,,,,,,,https://www.foodsdictionary.co.il/Products/1/%D7%99%D7%95%D7%92%D7%95%D7%A8%D7%98%20%D7%93%D7%A0%D7%95%D7%A0%D7%94%20%2F%20%D7%91%D7%99%D7%95%204.5%25%20-%20%D7%A9%D7%95%D7%A4%D7%A8%D7%A1%D7%9C,HTTPError: HTTP Error 404: Not Found
f-israel-393,חזה עוף אפוי בתנור,מנות עיקריות,100 גרם,125,26,0,2.5,0,error,,,,,,,https://www.foodsdictionary.co.il/Products/1/%D7%97%D7%96%D7%94%20%D7%A2%D7%95%D7%A3%20%D7%90%D7%A4%D7%95%D7%99%20%D7%91%D7%AA%D7%A0%D7%95%D7%A8,HTTPError: HTTP Error 404: Not Found
f-israel-394,חזה עוף בגריל,מנות עיקריות,100 גרם,125,26,0,2.5,0,error,,,,,,,https://www.foodsdictionary.co.il/Products/1/%D7%97%D7%96%D7%94%20%D7%A2%D7%95%D7%A3%20%D7%91%D7%92%D7%A8%D7%99%D7%9C,HTTPError: HTTP Error 404: Not Found
f-israel-395,חזה עוף מבושל במרק,מנות עיקריות,100 גרם,125,26,0,2.5,0,error,,,,,,,https://www.foodsdictionary.co.il/Products/1/%D7%97%D7%96%D7%94%20%D7%A2%D7%95%D7%A3%20%D7%9E%D7%91%D7%95%D7%A9%D7%9C%20%D7%91%D7%9E%D7%A8%D7%A7,HTTPError: HTTP Error 404: Not Found
f-israel-396,חזה עוף מוקפץ עם ירקות,מנות עיקריות,100 גרם,125,26,1.5,2.5,0.5,error,,,,,,,https://www.foodsdictionary.co.il/Products/1/%D7%97%D7%96%D7%94%20%D7%A2%D7%95%D7%A3%20%D7%9E%D7%95%D7%A7%D7%A4%D7%A5%20%D7%A2%D7%9D%20%D7%99%D7%A8%D7%A7%D7%95%D7%AA,HTTPError: HTTP Error 404: Not Found
f-israel-397,חזה עוף מבושל ברוטב עגבניות,מנות עיקריות,100 גרם,125,26,0,2.5,0,error,,,,,,,https://www.foodsdictionary.co.il/Products/1/%D7%97%D7%96%D7%94%20%D7%A2%D7%95%D7%A3%20%D7%9E%D7%91%D7%95%D7%A9%D7%9C%20%D7%91%D7%A8%D7%95%D7%98%D7%91%20%D7%A2%D7%92%D7%91%D7%A0%D7%99%D7%95%D7%AA,HTTPError: HTTP Error 404: Not Found
f-israel-398,פרגית עוף אפוי בתנור,מנות עיקריות,100 גרם,125,26,0,2.5,0,error,,,,,,,https://www.foodsdictionary.co.il/Products/1/%D7%A4%D7%A8%D7%92%D7%99%D7%AA%20%D7%A2%D7%95%D7%A3%20%D7%90%D7%A4%D7%95%D7%99%20%D7%91%D7%AA%D7%A0%D7%95%D7%A8,HTTPError: HTTP Error 404: Not Found
f-israel-399,פרגית עוף בגריל,מנות עיקריות,100 גרם,125,26,0,2.5,0,error,,,,,,,https://www.foodsdictionary.co.il/Products/1/%D7%A4%D7%A8%D7%92%D7%99%D7%AA%20%D7%A2%D7%95%D7%A3%20%D7%91%D7%92%D7%A8%D7%99%D7%9C,HTTPError: HTTP Error 404: Not Found
f-israel-400,פרגית עוף מבושל במרק,מנות עיקריות,100 גרם,125,26,0,2.5,0,error,,,,,,,https://www.foodsdictionary.co.il/Products/1/%D7%A4%D7%A8%D7%92%D7%99%D7%AA%20%D7%A2%D7%95%D7%A3%20%D7%9E%D7%91%D7%95%D7%A9%D7%9C%20%D7%91%D7%9E%D7%A8%D7%A7,HTTPError: HTTP Error 404: Not Found
f-israel-401,פרגית עוף מוקפץ עם ירקות,מנות עיקריות,100 גרם,125,26,1.5,2.5,0.5,error,,,,,,,https://www.foodsdictionary.co.il/Products/1/%D7%A4%D7%A8%D7%92%D7%99%D7%AA%20%D7%A2%D7%95%D7%A3%20%D7%9E%D7%95%D7%A7%D7%A4%D7%A5%20%D7%A2%D7%9D%20%D7%99%D7%A8%D7%A7%D7%95%D7%AA,HTTPError: HTTP Error 404: Not Found
f-israel-402,פרגית עוף מבושל ברוטב עגבניות,מנות עיקריות,100 גרם,125,26,0,2.5,0,error,,,,,,,https://www.foodsdictionary.co.il/Products/1/%D7%A4%D7%A8%D7%92%D7%99%D7%AA%20%D7%A2%D7%95%D7%A3%20%D7%9E%D7%91%D7%95%D7%A9%D7%9C%20%D7%91%D7%A8%D7%95%D7%98%D7%91%20%D7%A2%D7%92%D7%91%D7%A0%D7%99%D7%95%D7%AA,HTTPError: HTTP Error 404: Not Found
f-israel-403,כרעי עוף אפוי בתנור,מנות עיקריות,100 גרם,125,26,0,2.5,0,error,,,,,,,https://www.foodsdictionary.co.il/Products/1/%D7%9B%D7%A8%D7%A2%D7%99%20%D7%A2%D7%95%D7%A3%20%D7%90%D7%A4%D7%95%D7%99%20%D7%91%D7%AA%D7%A0%D7%95%D7%A8,HTTPError: HTTP Error 404: Not Found
f-israel-404,כרעי עוף בגריל,מנות עיקריות,100 גרם,125,26,0,2.5,0,error,,,,,,,https://www.foodsdictionary.co.il/Products/1/%D7%9B%D7%A8%D7%A2%D7%99%20%D7%A2%D7%95%D7%A3%20%D7%91%D7%92%D7%A8%D7%99%D7%9C,HTTPError: HTTP Error 404: Not Found
f-israel-405,כרעי עוף מבושל במרק,מנות עיקריות,100 גרם,125,26,0,2.5,0,error,,,,,,,https://www.foodsdictionary.co.il/Products/1/%D7%9B%D7%A8%D7%A2%D7%99%20%D7%A2%D7%95%D7%A3%20%D7%9E%D7%91%D7%95%D7%A9%D7%9C%20%D7%91%D7%9E%D7%A8%D7%A7,HTTPError: HTTP Error 404: Not Found
f-israel-406,כרעי עוף מוקפץ עם ירקות,מנות עיקריות,100 גרם,125,26,1.5,2.5,0.5,error,,,,,,,https://www.foodsdictionary.co.il/Products/1/%D7%9B%D7%A8%D7%A2%D7%99%20%D7%A2%D7%95%D7%A3%20%D7%9E%D7%95%D7%A7%D7%A4%D7%A5%20%D7%A2%D7%9D%20%D7%99%D7%A8%D7%A7%D7%95%D7%AA,HTTPError: HTTP Error 404: Not Found
f-israel-407,כרעי עוף מבושל ברוטב עגבניות,מנות עיקריות,100 גרם,125,26,0,2.5,0,error,,,,,,,https://www.foodsdictionary.co.il/Products/1/%D7%9B%D7%A8%D7%A2%D7%99%20%D7%A2%D7%95%D7%A3%20%D7%9E%D7%91%D7%95%D7%A9%D7%9C%20%D7%91%D7%A8%D7%95%D7%98%D7%91%20%D7%A2%D7%92%D7%91%D7%A0%D7%99%D7%95%D7%AA,HTTPError: HTTP Error 404: Not Found
f-israel-408,בשר בקר 5% אפוי בתנור,מנות עיקריות,100 גרם,185,26,0,9,0,error,,,,,,,https://www.foodsdictionary.co.il/Products/1/%D7%91%D7%A9%D7%A8%20%D7%91%D7%A7%D7%A8%205%25%20%D7%90%D7%A4%D7%95%D7%99%20%D7%91%D7%AA%D7%A0%D7%95%D7%A8,HTTPError: HTTP Error 404: Not Found
f-israel-409,בשר בקר 5% בגריל,מנות עיקריות,100 גרם,185,26,0,9,0,error,,,,,,,https://www.foodsdictionary.co.il/Products/1/%D7%91%D7%A9%D7%A8%20%D7%91%D7%A7%D7%A8%205%25%20%D7%91%D7%92%D7%A8%D7%99%D7%9C,HTTPError: HTTP Error 404: Not Found
f-israel-410,בשר בקר 5% מבושל במרק,מנות עיקריות,100 גרם,185,26,0,9,0,error,,,,,,,https://www.foodsdictionary.co.il/Products/1/%D7%91%D7%A9%D7%A8%20%D7%91%D7%A7%D7%A8%205%25%20%D7%9E%D7%91%D7%95%D7%A9%D7%9C%20%D7%91%D7%9E%D7%A8%D7%A7,HTTPError: HTTP Error 404: Not Found
f-israel-411,בשר בקר 5% מוקפץ עם ירקות,מנות עיקריות,100 גרם,185,26,1.5,9,0.5,error,,,,,,,https://www.foodsdictionary.co.il/Products/1/%D7%91%D7%A9%D7%A8%20%D7%91%D7%A7%D7%A8%205%25%20%D7%9E%D7%95%D7%A7%D7%A4%D7%A5%20%D7%A2%D7%9D%20%D7%99%D7%A8%D7%A7%D7%95%D7%AA,HTTPError: HTTP Error 404: Not Found
f-israel-412,בשר בקר 5% מבושל ברוטב עגבניות,מנות עיקריות,100 גרם,185,26,0,9,0,error,,,,,,,https://www.foodsdictionary.co.il/Products/1/%D7%91%D7%A9%D7%A8%20%D7%91%D7%A7%D7%A8%205%25%20%D7%9E%D7%91%D7%95%D7%A9%D7%9C%20%D7%91%D7%A8%D7%95%D7%98%D7%91%20%D7%A2%D7%92%D7%91%D7%A0%D7%99%D7%95%D7%AA,HTTPError: HTTP Error 404: Not Found
f-israel-413,בשר בקר 12% אפוי בתנור,מנות עיקריות,100 גרם,185,26,0,9,0,error,,,,,,,https://www.foodsdictionary.co.il/Products/1/%D7%91%D7%A9%D7%A8%20%D7%91%D7%A7%D7%A8%2012%25%20%D7%90%D7%A4%D7%95%D7%99%20%D7%91%D7%AA%D7%A0%D7%95%D7%A8,HTTPError: HTTP Error 404: Not Found
f-israel-414,בשר בקר 12% בגריל,מנות עיקריות,100 גרם,185,26,0,9,0,error,,,,,,,https://www.foodsdictionary.co.il/Products/1/%D7%91%D7%A9%D7%A8%20%D7%91%D7%A7%D7%A8%2012%25%20%D7%91%D7%92%D7%A8%D7%99%D7%9C,HTTPError: HTTP Error 404: Not Found
f-israel-415,בשר בקר 12% מבושל במרק,מנות עיקריות,100 גרם,185,26,0,9,0,error,,,,,,,https://www.foodsdictionary.co.il/Products/1/%D7%91%D7%A9%D7%A8%20%D7%91%D7%A7%D7%A8%2012%25%20%D7%9E%D7%91%D7%95%D7%A9%D7%9C%20%D7%91%D7%9E%D7%A8%D7%A7,HTTPError: HTTP Error 404: Not Found
f-israel-416,בשר בקר 12% מוקפץ עם ירקות,מנות עיקריות,100 גרם,185,26,1.5,9,0.5,error,,,,,,,https://www.foodsdictionary.co.il/Products/1/%D7%91%D7%A9%D7%A8%20%D7%91%D7%A7%D7%A8%2012%25%20%D7%9E%D7%95%D7%A7%D7%A4%D7%A5%20%D7%A2%D7%9D%20%D7%99%D7%A8%D7%A7%D7%95%D7%AA,HTTPError: HTTP Error 404: Not Found
f-israel-417,בשר בקר 12% מבושל ברוטב עגבניות,מנות עיקריות,100 גרם,185,26,0,9,0,error,,,,,,,https://www.foodsdictionary.co.il/Products/1/%D7%91%D7%A9%D7%A8%20%D7%91%D7%A7%D7%A8%2012%25%20%D7%9E%D7%91%D7%95%D7%A9%D7%9C%20%D7%91%D7%A8%D7%95%D7%98%D7%91%20%D7%A2%D7%92%D7%91%D7%A0%D7%99%D7%95%D7%AA,HTTPError: HTTP Error 404: Not Found
f-israel-418,סטייק סינטה אפוי בתנור,מנות עיקריות,100 גרם,115,14,0,6,0,error,,,,,,,https://www.foodsdictionary.co.il/Products/1/%D7%A1%D7%98%D7%99%D7%99%D7%A7%20%D7%A1%D7%99%D7%A0%D7%98%D7%94%20%D7%90%D7%A4%D7%95%D7%99%20%D7%91%D7%AA%D7%A0%D7%95%D7%A8,HTTPError: HTTP Error 404: Not Found
f-israel-419,סטייק סינטה בגריל,מנות עיקריות,100 גרם,115,14,0,6,0,error,,,,,,,https://www.foodsdictionary.co.il/Products/1/%D7%A1%D7%98%D7%99%D7%99%D7%A7%20%D7%A1%D7%99%D7%A0%D7%98%D7%94%20%D7%91%D7%92%D7%A8%D7%99%D7%9C,HTTPError: HTTP Error 404: Not Found
f-israel-420,סטייק סינטה מבושל במרק,מנות עיקריות,100 גרם,115,14,0,6,0,error,,,,,,,https://www.foodsdictionary.co.il/Products/1/%D7%A1%D7%98%D7%99%D7%99%D7%A7%20%D7%A1%D7%99%D7%A0%D7%98%D7%94%20%D7%9E%D7%91%D7%95%D7%A9%D7%9C%20%D7%91%D7%9E%D7%A8%D7%A7,HTTPError: HTTP Error 404: Not Found
f-israel-421,סטייק סינטה מוקפץ עם ירקות,מנות עיקריות,100 גרם,115,14,1.5,6,0.5,error,,,,,,,https://www.foodsdictionary.co.il/Products/1/%D7%A1%D7%98%D7%99%D7%99%D7%A7%20%D7%A1%D7%99%D7%A0%D7%98%D7%94%20%D7%9E%D7%95%D7%A7%D7%A4%D7%A5%20%D7%A2%D7%9D%20%D7%99%D7%A8%D7%A7%D7%95%D7%AA,HTTPError: HTTP Error 404: Not Found
f-israel-422,סטייק סינטה מבושל ברוטב עגבניות,מנות עיקריות,100 גרם,115,14,0,6,0,error,,,,,,,https://www.foodsdictionary.co.il/Products/1/%D7%A1%D7%98%D7%99%D7%99%D7%A7%20%D7%A1%D7%99%D7%A0%D7%98%D7%94%20%D7%9E%D7%91%D7%95%D7%A9%D7%9C%20%D7%91%D7%A8%D7%95%D7%98%D7%91%20%D7%A2%D7%92%D7%91%D7%A0%D7%99%D7%95%D7%AA,HTTPError: HTTP Error 404: Not Found
f-israel-423,פילה סלמון אפוי בתנור,מנות עיקריות,100 גרם,185,26,0,9,0,error,,,,,,,https://www.foodsdictionary.co.il/Products/1/%D7%A4%D7%99%D7%9C%D7%94%20%D7%A1%D7%9C%D7%9E%D7%95%D7%9F%20%D7%90%D7%A4%D7%95%D7%99%20%D7%91%D7%AA%D7%A0%D7%95%D7%A8,HTTPError: HTTP Error 404: Not Found
f-israel-424,פילה סלמון בגריל,מנות עיקריות,100 גרם,185,26,0,9,0,error,,,,,,,https://www.foodsdictionary.co.il/Products/1/%D7%A4%D7%99%D7%9C%D7%94%20%D7%A1%D7%9C%D7%9E%D7%95%D7%9F%20%D7%91%D7%92%D7%A8%D7%99%D7%9C,HTTPError: HTTP Error 404: Not Found
f-israel-425,פילה סלמון מבושל במרק,מנות עיקריות,100 גרם,185,26,0,9,0,error,,,,,,,https://www.foodsdictionary.co.il/Products/1/%D7%A4%D7%99%D7%9C%D7%94%20%D7%A1%D7%9C%D7%9E%D7%95%D7%9F%20%D7%9E%D7%91%D7%95%D7%A9%D7%9C%20%D7%91%D7%9E%D7%A8%D7%A7,HTTPError: HTTP Error 404: Not Found
f-israel-426,פילה סלמון מוקפץ עם ירקות,מנות עיקריות,100 גרם,185,26,1.5,9,0.5,error,,,,,,,https://www.foodsdictionary.co.il/Products/1/%D7%A4%D7%99%D7%9C%D7%94%20%D7%A1%D7%9C%D7%9E%D7%95%D7%9F%20%D7%9E%D7%95%D7%A7%D7%A4%D7%A5%20%D7%A2%D7%9D%20%D7%99%D7%A8%D7%A7%D7%95%D7%AA,HTTPError: HTTP Error 404: Not Found
f-israel-427,פילה סלמון מבושל ברוטב עגבניות,מנות עיקריות,100 גרם,185,26,0,9,0,error,,,,,,,https://www.foodsdictionary.co.il/Products/1/%D7%A4%D7%99%D7%9C%D7%94%20%D7%A1%D7%9C%D7%9E%D7%95%D7%9F%20%D7%9E%D7%91%D7%95%D7%A9%D7%9C%20%D7%91%D7%A8%D7%95%D7%98%D7%91%20%D7%A2%D7%92%D7%91%D7%A0%D7%99%D7%95%D7%AA,HTTPError: HTTP Error 404: Not Found
f-israel-428,פילה אמנון אפוי בתנור,מנות עיקריות,100 גרם,115,26,0,6,0,error,,,,,,,https://www.foodsdictionary.co.il/Products/1/%D7%A4%D7%99%D7%9C%D7%94%20%D7%90%D7%9E%D7%A0%D7%95%D7%9F%20%D7%90%D7%A4%D7%95%D7%99%20%D7%91%D7%AA%D7%A0%D7%95%D7%A8,HTTPError: HTTP Error 404: Not Found
f-israel-429,פילה אמנון בגריל,מנות עיקריות,100 גרם,115,26,0,6,0,error,,,,,,,https://www.foodsdictionary.co.il/Products/1/%D7%A4%D7%99%D7%9C%D7%94%20%D7%90%D7%9E%D7%A0%D7%95%D7%9F%20%D7%91%D7%92%D7%A8%D7%99%D7%9C,HTTPError: HTTP Error 404: Not Found
f-israel-430,פילה אמנון מבושל במרק,מנות עיקריות,100 גרם,115,26,0,6,0,error,,,,,,,https://www.foodsdictionary.co.il/Products/1/%D7%A4%D7%99%D7%9C%D7%94%20%D7%90%D7%9E%D7%A0%D7%95%D7%9F%20%D7%9E%D7%91%D7%95%D7%A9%D7%9C%20%D7%91%D7%9E%D7%A8%D7%A7,HTTPError: HTTP Error 404: Not Found
f-israel-431,פילה אמנון מוקפץ עם ירקות,מנות עיקריות,100 גרם,115,26,1.5,6,0.5,error,,,,,,,https://www.foodsdictionary.co.il/Products/1/%D7%A4%D7%99%D7%9C%D7%94%20%D7%90%D7%9E%D7%A0%D7%95%D7%9F%20%D7%9E%D7%95%D7%A7%D7%A4%D7%A5%20%D7%A2%D7%9D%20%D7%99%D7%A8%D7%A7%D7%95%D7%AA,HTTPError: HTTP Error 404: Not Found
f-israel-432,פילה אמנון מבושל ברוטב עגבניות,מנות עיקריות,100 גרם,115,26,0,6,0,error,,,,,,,https://www.foodsdictionary.co.il/Products/1/%D7%A4%D7%99%D7%9C%D7%94%20%D7%90%D7%9E%D7%A0%D7%95%D7%9F%20%D7%9E%D7%91%D7%95%D7%A9%D7%9C%20%D7%91%D7%A8%D7%95%D7%98%D7%91%20%D7%A2%D7%92%D7%91%D7%A0%D7%99%D7%95%D7%AA,HTTPError: HTTP Error 404: Not Found
f-israel-433,חזה הודו אפוי בתנור,מנות עיקריות,100 גרם,125,26,0,2.5,0,error,,,,,,,https://www.foodsdictionary.co.il/Products/1/%D7%97%D7%96%D7%94%20%D7%94%D7%95%D7%93%D7%95%20%D7%90%D7%A4%D7%95%D7%99%20%D7%91%D7%AA%D7%A0%D7%95%D7%A8,HTTPError: HTTP Error 404: Not Found
f-israel-434,חזה הודו בגריל,מנות עיקריות,100 גרם,125,26,0,2.5,0,error,,,,,,,https://www.foodsdictionary.co.il/Products/1/%D7%97%D7%96%D7%94%20%D7%94%D7%95%D7%93%D7%95%20%D7%91%D7%92%D7%A8%D7%99%D7%9C,HTTPError: HTTP Error 404: Not Found
f-israel-435,חזה הודו מבושל במרק,מנות עיקריות,100 גרם,125,26,0,2.5,0,error,,,,,,,https://www.foodsdictionary.co.il/Products/1/%D7%97%D7%96%D7%94%20%D7%94%D7%95%D7%93%D7%95%20%D7%9E%D7%91%D7%95%D7%A9%D7%9C%20%D7%91%D7%9E%D7%A8%D7%A7,HTTPError: HTTP Error 404: Not Found
f-israel-436,חזה הודו מוקפץ עם ירקות,מנות עיקריות,100 גרם,125,26,1.5,2.5,0.5,error,,,,,,,https://www.foodsdictionary.co.il/Products/1/%D7%97%D7%96%D7%94%20%D7%94%D7%95%D7%93%D7%95%20%D7%9E%D7%95%D7%A7%D7%A4%D7%A5%20%D7%A2%D7%9D%20%D7%99%D7%A8%D7%A7%D7%95%D7%AA,HTTPError: HTTP Error 404: Not Found
f-israel-437,חזה הודו מבושל ברוטב עגבניות,מנות עיקריות,100 גרם,125,26,0,2.5,0,error,,,,,,,https://www.foodsdictionary.co.il/Products/1/%D7%97%D7%96%D7%94%20%D7%94%D7%95%D7%93%D7%95%20%D7%9E%D7%91%D7%95%D7%A9%D7%9C%20%D7%91%D7%A8%D7%95%D7%98%D7%91%20%D7%A2%D7%92%D7%91%D7%A0%D7%99%D7%95%D7%AA,HTTPError: HTTP Error 404: Not Found
f-israel-438,טופו קלאסי אפוי בתנור,מנות עיקריות,100 גרם,115,14,0,6,0,error,,,,,,,https://www.foodsdictionary.co.il/Products/1/%D7%98%D7%95%D7%A4%D7%95%20%D7%A7%D7%9C%D7%90%D7%A1%D7%99%20%D7%90%D7%A4%D7%95%D7%99%20%D7%91%D7%AA%D7%A0%D7%95%D7%A8,HTTPError: HTTP Error 404: Not Found
f-israel-439,טופו קלאסי בגריל,מנות עיקריות,100 גרם,115,14,0,6,0,error,,,,,,,https://www.foodsdictionary.co.il/Products/1/%D7%98%D7%95%D7%A4%D7%95%20%D7%A7%D7%9C%D7%90%D7%A1%D7%99%20%D7%91%D7%92%D7%A8%D7%99%D7%9C,HTTPError: HTTP Error 404: Not Found
f-israel-440,טופו קלאסי מבושל במרק,מנות עיקריות,100 גרם,115,14,0,6,0,error,,,,,,,https://www.foodsdictionary.co.il/Products/1/%D7%98%D7%95%D7%A4%D7%95%20%D7%A7%D7%9C%D7%90%D7%A1%D7%99%20%D7%9E%D7%91%D7%95%D7%A9%D7%9C%20%D7%91%D7%9E%D7%A8%D7%A7,HTTPError: HTTP Error 404: Not Found
f-israel-441,טופו קלאסי מוקפץ עם ירקות,מנות עיקריות,100 גרם,115,14,1.5,6,0.5,error,,,,,,,https://www.foodsdictionary.co.il/Products/1/%D7%98%D7%95%D7%A4%D7%95%20%D7%A7%D7%9C%D7%90%D7%A1%D7%99%20%D7%9E%D7%95%D7%A7%D7%A4%D7%A5%20%D7%A2%D7%9D%20%D7%99%D7%A8%D7%A7%D7%95%D7%AA,HTTPError: HTTP Error 404: Not Found
f-israel-442,טופו קלאסי מבושל ברוטב עגבניות,מנות עיקריות,100 גרם,115,14,0,6,0,error,,,,,,,https://www.foodsdictionary.co.il/Products/1/%D7%98%D7%95%D7%A4%D7%95%20%D7%A7%D7%9C%D7%90%D7%A1%D7%99%20%D7%9E%D7%91%D7%95%D7%A9%D7%9C%20%D7%91%D7%A8%D7%95%D7%98%D7%91%20%D7%A2%D7%92%D7%91%D7%A0%D7%99%D7%95%D7%AA,HTTPError: HTTP Error 404: Not Found
f-israel-443,אורז לבן (בישול ביתי נקי),דגנים ופחמימות,100 גרם,130,3.2,27,1,2,error,,,,,,,https://www.foodsdictionary.co.il/Products/1/%D7%90%D7%95%D7%A8%D7%96%20%D7%9C%D7%91%D7%9F%20%28%D7%91%D7%99%D7%A9%D7%95%D7%9C%20%D7%91%D7%99%D7%AA%D7%99%20%D7%A0%D7%A7%D7%99%29,HTTPError: HTTP Error 404: Not Found
f-israel-444,אורז לבן (עם מעט שמן זית),דגנים ופחמימות,100 גרם,130,3.2,27,1,2,error,,,,,,,https://www.foodsdictionary.co.il/Products/1/%D7%90%D7%95%D7%A8%D7%96%20%D7%9C%D7%91%D7%9F%20%28%D7%A2%D7%9D%20%D7%9E%D7%A2%D7%98%20%D7%A9%D7%9E%D7%9F%20%D7%96%D7%99%D7%AA%29,HTTPError: HTTP Error 404: Not Found
f-israel-445,אורז לבן (עם עשבי תיבול),דגנים ופחמימות,100 גרם,130,3.2,27,1,2,error,,,,,,,https://www.foodsdictionary.co.il/Products/1/%D7%90%D7%95%D7%A8%D7%96%20%D7%9C%D7%91%D7%9F%20%28%D7%A2%D7%9D%20%D7%A2%D7%A9%D7%91%D7%99%20%D7%AA%D7%99%D7%91%D7%95%D7%9C%29,HTTPError: HTTP Error 404: Not Found
f-israel-446,אורז לבן (עם בצל מוזהב),דגנים ופחמימות,100 גרם,130,3.2,27,1,2,error,,,,,,,https://www.foodsdictionary.co.il/Products/1/%D7%90%D7%95%D7%A8%D7%96%20%D7%9C%D7%91%D7%9F%20%28%D7%A2%D7%9D%20%D7%91%D7%A6%D7%9C%20%D7%9E%D7%95%D7%96%D7%94%D7%91%29,HTTPError: HTTP Error 404: Not Found
f-israel-447,אורז בסמטי (בישול ביתי נקי),דגנים ופחמימות,100 גרם,130,3.2,27,1,2,error,,,,,,,https://www.foodsdictionary.co.il/Products/1/%D7%90%D7%95%D7%A8%D7%96%20%D7%91%D7%A1%D7%9E%D7%98%D7%99%20%28%D7%91%D7%99%D7%A9%D7%95%D7%9C%20%D7%91%D7%99%D7%AA%D7%99%20%D7%A0%D7%A7%D7%99%29,HTTPError: HTTP Error 404: Not Found
f-israel-448,אורז בסמטי (עם מעט שמן זית),דגנים ופחמימות,100 גרם,130,3.2,27,1,2,error,,,,,,,https://www.foodsdictionary.co.il/Products/1/%D7%90%D7%95%D7%A8%D7%96%20%D7%91%D7%A1%D7%9E%D7%98%D7%99%20%28%D7%A2%D7%9D%20%D7%9E%D7%A2%D7%98%20%D7%A9%D7%9E%D7%9F%20%D7%96%D7%99%D7%AA%29,HTTPError: HTTP Error 404: Not Found
f-israel-449,אורז בסמטי (עם עשבי תיבול),דגנים ופחמימות,100 גרם,130,3.2,27,1,2,error,,,,,,,https://www.foodsdictionary.co.il/Products/1/%D7%90%D7%95%D7%A8%D7%96%20%D7%91%D7%A1%D7%9E%D7%98%D7%99%20%28%D7%A2%D7%9D%20%D7%A2%D7%A9%D7%91%D7%99%20%D7%AA%D7%99%D7%91%D7%95%D7%9C%29,HTTPError: HTTP Error 404: Not Found
f-israel-450,אורז בסמטי (עם בצל מוזהב),דגנים ופחמימות,100 גרם,130,3.2,27,1,2,error,,,,,,,https://www.foodsdictionary.co.il/Products/1/%D7%90%D7%95%D7%A8%D7%96%20%D7%91%D7%A1%D7%9E%D7%98%D7%99%20%28%D7%A2%D7%9D%20%D7%91%D7%A6%D7%9C%20%D7%9E%D7%95%D7%96%D7%94%D7%91%29,HTTPError: HTTP Error 404: Not Found
f-israel-451,אורז מלא (בישול ביתי נקי),דגנים ופחמימות,100 גרם,130,3.2,27,1,2,error,,,,,,,https://www.foodsdictionary.co.il/Products/1/%D7%90%D7%95%D7%A8%D7%96%20%D7%9E%D7%9C%D7%90%20%28%D7%91%D7%99%D7%A9%D7%95%D7%9C%20%D7%91%D7%99%D7%AA%D7%99%20%D7%A0%D7%A7%D7%99%29,HTTPError: HTTP Error 404: Not Found
f-israel-452,אורז מלא (עם מעט שמן זית),דגנים ופחמימות,100 גרם,130,3.2,27,1,2,error,,,,,,,https://www.foodsdictionary.co.il/Products/1/%D7%90%D7%95%D7%A8%D7%96%20%D7%9E%D7%9C%D7%90%20%28%D7%A2%D7%9D%20%D7%9E%D7%A2%D7%98%20%D7%A9%D7%9E%D7%9F%20%D7%96%D7%99%D7%AA%29,HTTPError: HTTP Error 404: Not Found
f-israel-453,אורז מלא (עם עשבי תיבול),דגנים ופחמימות,100 גרם,130,3.2,27,1,2,error,,,,,,,https://www.foodsdictionary.co.il/Products/1/%D7%90%D7%95%D7%A8%D7%96%20%D7%9E%D7%9C%D7%90%20%28%D7%A2%D7%9D%20%D7%A2%D7%A9%D7%91%D7%99%20%D7%AA%D7%99%D7%91%D7%95%D7%9C%29,HTTPError: HTTP Error 404: Not Found
f-israel-454,אורז מלא (עם בצל מוזהב),דגנים ופחמימות,100 גרם,130,3.2,27,1,2,error,,,,,,,https://www.foodsdictionary.co.il/Products/1/%D7%90%D7%95%D7%A8%D7%96%20%D7%9E%D7%9C%D7%90%20%28%D7%A2%D7%9D%20%D7%91%D7%A6%D7%9C%20%D7%9E%D7%95%D7%96%D7%94%D7%91%29,HTTPError: HTTP Error 404: Not Found
f-israel-455,פסטה קמח מלא (בישול ביתי נקי),דגנים ופחמימות,100 גרם,130,3.2,27,1,2,error,,,,,,,https://www.foodsdictionary.co.il/Products/1/%D7%A4%D7%A1%D7%98%D7%94%20%D7%A7%D7%9E%D7%97%20%D7%9E%D7%9C%D7%90%20%28%D7%91%D7%99%D7%A9%D7%95%D7%9C%20%D7%91%D7%99%D7%AA%D7%99%20%D7%A0%D7%A7%D7%99%29,HTTPError: HTTP Error 404: Not Found
f-israel-456,פסטה קמח מלא (עם מעט שמן זית),דגנים ופחמימות,100 גרם,130,3.2,27,1,2,error,,,,,,,https://www.foodsdictionary.co.il/Products/1/%D7%A4%D7%A1%D7%98%D7%94%20%D7%A7%D7%9E%D7%97%20%D7%9E%D7%9C%D7%90%20%28%D7%A2%D7%9D%20%D7%9E%D7%A2%D7%98%20%D7%A9%D7%9E%D7%9F%20%D7%96%D7%99%D7%AA%29,HTTPError: HTTP Error 404: Not Found
f-israel-457,פסטה קמח מלא (עם עשבי תיבול),דגנים ופחמימות,100 גרם,130,3.2,27,1,2,error,,,,,,,https://www.foodsdictionary.co.il/Products/1/%D7%A4%D7%A1%D7%98%D7%94%20%D7%A7%D7%9E%D7%97%20%D7%9E%D7%9C%D7%90%20%28%D7%A2%D7%9D%20%D7%A2%D7%A9%D7%91%D7%99%20%D7%AA%D7%99%D7%91%D7%95%D7%9C%29,HTTPError: HTTP Error 404: Not Found
f-israel-458,פסטה קמח מלא (עם בצל מוזהב),דגנים ופחמימות,100 גרם,130,3.2,27,1,2,error,,,,,,,https://www.foodsdictionary.co.il/Products/1/%D7%A4%D7%A1%D7%98%D7%94%20%D7%A7%D7%9E%D7%97%20%D7%9E%D7%9C%D7%90%20%28%D7%A2%D7%9D%20%D7%91%D7%A6%D7%9C%20%D7%9E%D7%95%D7%96%D7%94%D7%91%29,HTTPError: HTTP Error 404: Not Found
f-israel-459,בורגול (בישול ביתי נקי),דגנים ופחמימות,100 גרם,130,3.2,27,1,2,error,,,,,,,https://www.foodsdictionary.co.il/Products/1/%D7%91%D7%95%D7%A8%D7%92%D7%95%D7%9C%20%28%D7%91%D7%99%D7%A9%D7%95%D7%9C%20%D7%91%D7%99%D7%AA%D7%99%20%D7%A0%D7%A7%D7%99%29,HTTPError: HTTP Error 404: Not Found
f-israel-460,בורגול (עם מעט שמן זית),דגנים ופחמימות,100 גרם,130,3.2,27,1,2,error,,,,,,,https://www.foodsdictionary.co.il/Products/1/%D7%91%D7%95%D7%A8%D7%92%D7%95%D7%9C%20%28%D7%A2%D7%9D%20%D7%9E%D7%A2%D7%98%20%D7%A9%D7%9E%D7%9F%20%D7%96%D7%99%D7%AA%29,HTTPError: HTTP Error 404: Not Found
f-israel-461,בורגול (עם עשבי תיבול),דגנים ופחמימות,100 גרם,130,3.2,27,1,2,error,,,,,,,https://www.foodsdictionary.co.il/Products/1/%D7%91%D7%95%D7%A8%D7%92%D7%95%D7%9C%20%28%D7%A2%D7%9D%20%D7%A2%D7%A9%D7%91%D7%99%20%D7%AA%D7%99%D7%91%D7%95%D7%9C%29,HTTPError: HTTP Error 404: Not Found
f-israel-462,בורגול (עם בצל מוזהב),דגנים ופחמימות,100 גרם,130,3.2,27,1,2,error,,,,,,,https://www.foodsdictionary.co.il/Products/1/%D7%91%D7%95%D7%A8%D7%92%D7%95%D7%9C%20%28%D7%A2%D7%9D%20%D7%91%D7%A6%D7%9C%20%D7%9E%D7%95%D7%96%D7%94%D7%91%29,HTTPError: HTTP Error 404: Not Found
f-israel-463,קינואה (בישול ביתי נקי),דגנים ופחמימות,100 גרם,130,3.2,27,1,2,error,,,,,,,https://www.foodsdictionary.co.il/Products/1/%D7%A7%D7%99%D7%A0%D7%95%D7%90%D7%94%20%28%D7%91%D7%99%D7%A9%D7%95%D7%9C%20%D7%91%D7%99%D7%AA%D7%99%20%D7%A0%D7%A7%D7%99%29,HTTPError: HTTP Error 404: Not Found
f-israel-464,קינואה (עם מעט שמן זית),דגנים ופחמימות,100 גרם,130,3.2,27,1,2,error,,,,,,,https://www.foodsdictionary.co.il/Products/1/%D7%A7%D7%99%D7%A0%D7%95%D7%90%D7%94%20%28%D7%A2%D7%9D%20%D7%9E%D7%A2%D7%98%20%D7%A9%D7%9E%D7%9F%20%D7%96%D7%99%D7%AA%29,HTTPError: HTTP Error 404: Not Found
f-israel-465,קינואה (עם עשבי תיבול),דגנים ופחמימות,100 גרם,130,3.2,27,1,2,error,,,,,,,https://www.foodsdictionary.co.il/Products/1/%D7%A7%D7%99%D7%A0%D7%95%D7%90%D7%94%20%28%D7%A2%D7%9D%20%D7%A2%D7%A9%D7%91%D7%99%20%D7%AA%D7%99%D7%91%D7%95%D7%9C%29,HTTPError: HTTP Error 404: Not Found
f-israel-466,קינואה (עם בצל מוזהב),דגנים ופחמימות,100 גרם,130,3.2,27,1,2,error,,,,,,,https://www.foodsdictionary.co.il/Products/1/%D7%A7%D7%99%D7%A0%D7%95%D7%90%D7%94%20%28%D7%A2%D7%9D%20%D7%91%D7%A6%D7%9C%20%D7%9E%D7%95%D7%96%D7%94%D7%91%29,HTTPError: HTTP Error 404: Not Found
f-israel-467,כוסמת (בישול ביתי נקי),דגנים ופחמימות,100 גרם,130,3.2,27,1,2,error,,,,,,,https://www.foodsdictionary.co.il/Products/1/%D7%9B%D7%95%D7%A1%D7%9E%D7%AA%20%28%D7%91%D7%99%D7%A9%D7%95%D7%9C%20%D7%91%D7%99%D7%AA%D7%99%20%D7%A0%D7%A7%D7%99%29,HTTPError: HTTP Error 404: Not Found
f-israel-468,כוסמת (עם מעט שמן זית),דגנים ופחמימות,100 גרם,130,3.2,27,1,2,error,,,,,,,https://www.foodsdictionary.co.il/Products/1/%D7%9B%D7%95%D7%A1%D7%9E%D7%AA%20%28%D7%A2%D7%9D%20%D7%9E%D7%A2%D7%98%20%D7%A9%D7%9E%D7%9F%20%D7%96%D7%99%D7%AA%29,HTTPError: HTTP Error 404: Not Found
f-israel-469,כוסמת (עם עשבי תיבול),דגנים ופחמימות,100 גרם,130,3.2,27,1,2,error,,,,,,,https://www.foodsdictionary.co.il/Products/1/%D7%9B%D7%95%D7%A1%D7%9E%D7%AA%20%28%D7%A2%D7%9D%20%D7%A2%D7%A9%D7%91%D7%99%20%D7%AA%D7%99%D7%91%D7%95%D7%9C%29,HTTPError: HTTP Error 404: Not Found
f-israel-470,כוסמת (עם בצל מוזהב),דגנים ופחמימות,100 גרם,130,3.2,27,1,2,error,,,,,,,https://www.foodsdictionary.co.il/Products/1/%D7%9B%D7%95%D7%A1%D7%9E%D7%AA%20%28%D7%A2%D7%9D%20%D7%91%D7%A6%D7%9C%20%D7%9E%D7%95%D7%96%D7%94%D7%91%29,HTTPError: HTTP Error 404: Not Found
f-israel-471,תפוח עץ (אורגני),פירות,יחידה / 100g,65,0.8,16,0.2,2.5,error,,,,,,,https://www.foodsdictionary.co.il/Products/1/%D7%AA%D7%A4%D7%95%D7%97%20%D7%A2%D7%A5%20%28%D7%90%D7%95%D7%A8%D7%92%D7%A0%D7%99%29,HTTPError: HTTP Error 404: Not Found
f-israel-472,תפוח עץ (מיובש בטבעיות),פירות,יחידה / 100g,65,0.8,16,0.2,2.5,error,,,,,,,https://www.foodsdictionary.co.il/Products/1/%D7%AA%D7%A4%D7%95%D7%97%20%D7%A2%D7%A5%20%28%D7%9E%D7%99%D7%95%D7%91%D7%A9%20%D7%91%D7%98%D7%91%D7%A2%D7%99%D7%95%D7%AA%29,HTTPError: HTTP Error 404: Not Found
f-israel-473,תפוח עץ (טרי קטוף),פירות,יחידה / 100g,65,0.8,16,0.2,2.5,error,,,,,,,https://www.foodsdictionary.co.il/Products/1/%D7%AA%D7%A4%D7%95%D7%97%20%D7%A2%D7%A5%20%28%D7%98%D7%A8%D7%99%20%D7%A7%D7%98%D7%95%D7%A3%29,HTTPError: HTTP Error 404: Not Found
f-israel-474,אגס (אורגני),פירות,יחידה / 100g,65,0.8,16,0.2,2.5,error,,,,,,,https://www.foodsdictionary.co.il/Products/1/%D7%90%D7%92%D7%A1%20%28%D7%90%D7%95%D7%A8%D7%92%D7%A0%D7%99%29,HTTPError: HTTP Error 404: Not Found
f-israel-475,אגס (מיובש בטבעיות),פירות,יחידה / 100g,65,0.8,16,0.2,2.5,error,,,,,,,https://www.foodsdictionary.co.il/Products/1/%D7%90%D7%92%D7%A1%20%28%D7%9E%D7%99%D7%95%D7%91%D7%A9%20%D7%91%D7%98%D7%91%D7%A2%D7%99%D7%95%D7%AA%29,HTTPError: HTTP Error 404: Not Found
f-israel-476,אגס (טרי קטוף),פירות,יחידה / 100g,65,0.8,16,0.2,2.5,error,,,,,,,https://www.foodsdictionary.co.il/Products/1/%D7%90%D7%92%D7%A1%20%28%D7%98%D7%A8%D7%99%20%D7%A7%D7%98%D7%95%D7%A3%29,HTTPError: HTTP Error 404: Not Found
f-israel-477,שזיף (אורגני),פירות,יחידה / 100g,65,0.8,16,0.2,2.5,error,,,,,,,https://www.foodsdictionary.co.il/Products/1/%D7%A9%D7%96%D7%99%D7%A3%20%28%D7%90%D7%95%D7%A8%D7%92%D7%A0%D7%99%29,HTTPError: HTTP Error 404: Not Found
f-israel-478,שזיף (מיובש בטבעיות),פירות,יחידה / 100g,65,0.8,16,0.2,2.5,error,,,,,,,https://www.foodsdictionary.co.il/Products/1/%D7%A9%D7%96%D7%99%D7%A3%20%28%D7%9E%D7%99%D7%95%D7%91%D7%A9%20%D7%91%D7%98%D7%91%D7%A2%D7%99%D7%95%D7%AA%29,HTTPError: HTTP Error 404: Not Found
f-israel-479,שזיף (טרי קטוף),פירות,יחידה / 100g,65,0.8,16,0.2,2.5,error,,,,,,,https://www.foodsdictionary.co.il/Products/1/%D7%A9%D7%96%D7%99%D7%A3%20%28%D7%98%D7%A8%D7%99%20%D7%A7%D7%98%D7%95%D7%A3%29,HTTPError: HTTP Error 404: Not Found
f-israel-480,אפרסק (אורגני),פירות,יחידה / 100g,65,0.8,16,0.2,2.5,error,,,,,,,https://www.foodsdictionary.co.il/Products/1/%D7%90%D7%A4%D7%A8%D7%A1%D7%A7%20%28%D7%90%D7%95%D7%A8%D7%92%D7%A0%D7%99%29,HTTPError: HTTP Error 404: Not Found
f-israel-481,אפרסק (מיובש בטבעיות),פירות,יחידה / 100g,65,0.8,16,0.2,2.5,error,,,,,,,https://www.foodsdictionary.co.il/Products/1/%D7%90%D7%A4%D7%A8%D7%A1%D7%A7%20%28%D7%9E%D7%99%D7%95%D7%91%D7%A9%20%D7%91%D7%98%D7%91%D7%A2%D7%99%D7%95%D7%AA%29,HTTPError: HTTP Error 404: Not Found
f-israel-482,אפרסק (טרי קטוף),פירות,יחידה / 100g,65,0.8,16,0.2,2.5,error,,,,,,,https://www.foodsdictionary.co.il/Products/1/%D7%90%D7%A4%D7%A8%D7%A1%D7%A7%20%28%D7%98%D7%A8%D7%99%20%D7%A7%D7%98%D7%95%D7%A3%29,HTTPError: HTTP Error 404: Not Found
f-israel-483,תמר (אורגני),פירות,יחידה / 100g,65,0.8,16,0.2,2.5,error,,,,,,,https://www.foodsdictionary.co.il/Products/1/%D7%AA%D7%9E%D7%A8%20%28%D7%90%D7%95%D7%A8%D7%92%D7%A0%D7%99%29,HTTPError: HTTP Error 404: Not Found
f-israel-484,תמר (מיובש בטבעיות),פירות,יחידה / 100g,65,0.8,16,0.2,2.5,error,,,,,,,https://www.foodsdictionary.co.il/Products/1/%D7%AA%D7%9E%D7%A8%20%28%D7%9E%D7%99%D7%95%D7%91%D7%A9%20%D7%91%D7%98%D7%91%D7%A2%D7%99%D7%95%D7%AA%29,HTTPError: HTTP Error 404: Not Found
f-israel-485,תמר (טרי קטוף),פירות,יחידה / 100g,65,0.8,16,0.2,2.5,error,,,,,,,https://www.foodsdictionary.co.il/Products/1/%D7%AA%D7%9E%D7%A8%20%28%D7%98%D7%A8%D7%99%20%D7%A7%D7%98%D7%95%D7%A3%29,HTTPError: HTTP Error 404: Not Found
f-israel-486,תאנה (אורגני),פירות,יחידה / 100g,65,0.8,16,0.2,2.5,error,,,,,,,https://www.foodsdictionary.co.il/Products/1/%D7%AA%D7%90%D7%A0%D7%94%20%28%D7%90%D7%95%D7%A8%D7%92%D7%A0%D7%99%29,HTTPError: HTTP Error 404: Not Found
f-israel-487,תאנה (מיובש בטבעיות),פירות,יחידה / 100g,65,0.8,16,0.2,2.5,error,,,,,,,https://www.foodsdictionary.co.il/Products/1/%D7%AA%D7%90%D7%A0%D7%94%20%28%D7%9E%D7%99%D7%95%D7%91%D7%A9%20%D7%91%D7%98%D7%91%D7%A2%D7%99%D7%95%D7%AA%29,HTTPError: HTTP Error 404: Not Found
f-israel-488,תאנה (טרי קטוף),פירות,יחידה / 100g,65,0.8,16,0.2,2.5,error,,,,,,,https://www.foodsdictionary.co.il/Products/1/%D7%AA%D7%90%D7%A0%D7%94%20%28%D7%98%D7%A8%D7%99%20%D7%A7%D7%98%D7%95%D7%A3%29,HTTPError: HTTP Error 404: Not Found
f-protein-il-tnuva-go-yogurt-natural,יופלה GO יוגורט חלבון טבעי 20g,יוגורטי חלבון,גביע (200 גרם),144,20,7,4,0,error,,,,,,,https://www.foodsdictionary.co.il/Products/1/%D7%99%D7%95%D7%A4%D7%9C%D7%94%20GO%20%D7%99%D7%95%D7%92%D7%95%D7%A8%D7%98%20%D7%97%D7%9C%D7%91%D7%95%D7%9F%20%D7%98%D7%91%D7%A2%D7%99%2020g,HTTPError: HTTP Error 404: Not Found
f-protein-il-danone-pro-strawberry,דנונה PRO יוגורט חלבון תות 20g,יוגורטי חלבון,גביע (200 גרם),130,20,11.2,0,0,error,,,,,,,https://www.foodsdictionary.co.il/Products/1/%D7%93%D7%A0%D7%95%D7%A0%D7%94%20PRO%20%D7%99%D7%95%D7%92%D7%95%D7%A8%D7%98%20%D7%97%D7%9C%D7%91%D7%95%D7%9F%20%D7%AA%D7%95%D7%AA%2020g,HTTPError: HTTP Error 404: Not Found
f-protein-il-yoplait-pro-natural,יופלה PRO יוגורט חלבון טבעי 15g,יוגורטי חלבון,גביע (150 גרם),110,15,11,0.3,0,error,,,,,,,https://www.foodsdictionary.co.il/Products/1/%D7%99%D7%95%D7%A4%D7%9C%D7%94%20PRO%20%D7%99%D7%95%D7%92%D7%95%D7%A8%D7%98%20%D7%97%D7%9C%D7%91%D7%95%D7%9F%20%D7%98%D7%91%D7%A2%D7%99%2015g,HTTPError: HTTP Error 404: Not Found
f-protein-il-go-pudding-chocolate,מעדן GO חלבון שוקולד 20g,מעדני חלבון,גביע (200 גרם),156,20,14,2,0,error,,,,,,,https://www.foodsdictionary.co.il/Products/1/%D7%9E%D7%A2%D7%93%D7%9F%20GO%20%D7%97%D7%9C%D7%91%D7%95%D7%9F%20%D7%A9%D7%95%D7%A7%D7%95%D7%9C%D7%93%2020g,HTTPError: HTTP Error 404: Not Found
f-protein-il-go-pudding-vanilla,מעדן GO חלבון וניל 20g,מעדני חלבון,גביע (200 גרם),150,20,13,1.8,0,error,,,,,,,https://www.foodsdictionary.co.il/Products/1/%D7%9E%D7%A2%D7%93%D7%9F%20GO%20%D7%97%D7%9C%D7%91%D7%95%D7%9F%20%D7%95%D7%A0%D7%99%D7%9C%2020g,HTTPError: HTTP Error 404: Not Found
f-protein-il-yotvata-pro-chocolate,יטבתה PRO משקה חלבון שוקו 25g,משקאות חלבון,בקבוק (330 מ״ל),180,25,13,3,0,error,,,,,,,https://www.foodsdictionary.co.il/Products/1/%D7%99%D7%98%D7%91%D7%AA%D7%94%20PRO%20%D7%9E%D7%A9%D7%A7%D7%94%20%D7%97%D7%9C%D7%91%D7%95%D7%9F%20%D7%A9%D7%95%D7%A7%D7%95%2025g,HTTPError: HTTP Error 404: Not Found
f-protein-il-tnuva-go-drink-vanilla,תנובה GO משקה חלבון וניל 25g,משקאות חלבון,בקבוק (330 מ״ל),160,25,10,2,0,error,,,,,,,https://www.foodsdictionary.co.il/Products/1/%D7%AA%D7%A0%D7%95%D7%91%D7%94%20GO%20%D7%9E%D7%A9%D7%A7%D7%94%20%D7%97%D7%9C%D7%91%D7%95%D7%9F%20%D7%95%D7%A0%D7%99%D7%9C%2025g,HTTPError: HTTP Error 404: Not Found
f-protein-il-tera-pro-drink,טרה PRO משקה חלבון 25g,משקאות חלבון,בקבוק (330 מ״ל),170,25,12,2,0,error,,,,,,,https://www.foodsdictionary.co.il/Products/1/%D7%98%D7%A8%D7%94%20PRO%20%D7%9E%D7%A9%D7%A7%D7%94%20%D7%97%D7%9C%D7%91%D7%95%D7%9F%2025g,HTTPError: HTTP Error 404: Not Found
f-protein-il-tnuva-cottage-pro,תנובה קוטג׳ PRO 12g חלבון,מוצרי חלבון,100 גרם,98,12,3,5,0,error,,,,,,,https://www.foodsdictionary.co.il/Products/1/%D7%AA%D7%A0%D7%95%D7%91%D7%94%20%D7%A7%D7%95%D7%98%D7%92%D7%B3%20PRO%2012g%20%D7%97%D7%9C%D7%91%D7%95%D7%9F,HTTPError: HTTP Error 404: Not Found
f-protein-il-allin-bar-chocolate,Allin Extra Soft חטיף חלבון שוקולד חלב קרמל,חטיפי חלבון,חטיף (55 גרם),203,15,20.6,9.1,3.6,error,,,,,,,https://www.foodsdictionary.co.il/Products/1/Allin%20Extra%20Soft%20%D7%97%D7%98%D7%99%D7%A3%20%D7%97%D7%9C%D7%91%D7%95%D7%9F%20%D7%A9%D7%95%D7%A7%D7%95%D7%9C%D7%93%20%D7%97%D7%9C%D7%91%20%D7%A7%D7%A8%D7%9E%D7%9C,HTTPError: HTTP Error 404: Not Found
f-protein-il-max-bar,MAX חטיף חלבון,חטיפי חלבון,חטיף (55 גרם),200,20,17,7,0,error,,,,,,,https://www.foodsdictionary.co.il/Products/1/MAX%20%D7%97%D7%98%D7%99%D7%A3%20%D7%97%D7%9C%D7%91%D7%95%D7%9F,HTTPError: HTTP Error 404: Not Found
f-protein-il-israelbody-whey,Israel Body אבקת חלבון מי גבינה,אבקות חלבון,מנה (30 גרם),120,24,3,2,0,error,,,,,,,https://www.foodsdictionary.co.il/Products/1/Israel%20Body%20%D7%90%D7%91%D7%A7%D7%AA%20%D7%97%D7%9C%D7%91%D7%95%D7%9F%20%D7%9E%D7%99%20%D7%92%D7%91%D7%99%D7%A0%D7%94,HTTPError: HTTP Error 404: Not Found
f-protein-il-allin-whey-vanilla,Allin Whey אבקת חלבון וניל,אבקות חלבון,מנה (33 גרם),128,25,3.1,1.5,0,error,,,,,,,https://www.foodsdictionary.co.il/Products/1/Allin%20Whey%20%D7%90%D7%91%D7%A7%D7%AA%20%D7%97%D7%9C%D7%91%D7%95%D7%9F%20%D7%95%D7%A0%D7%99%D7%9C,HTTPError: HTTP Error 404: Not Found
f-protein-il-superherb-protein-powder,סופהרב אבקת חלבון,אבקות חלבון,מנה (30 גרם),115,23,3,1.5,0,error,,,,,,,https://www.foodsdictionary.co.il/Products/1/%D7%A1%D7%95%D7%A4%D7%94%D7%A8%D7%91%20%D7%90%D7%91%D7%A7%D7%AA%20%D7%97%D7%9C%D7%91%D7%95%D7%9F,HTTPError: HTTP Error 404: Not Found
f-common-milk-1,חלב 1%,חלב,"כוס (200 מ""ל)",84,6.6,9.6,2,0,error,,,,,,,https://www.foodsdictionary.co.il/Products/1/%D7%97%D7%9C%D7%91%201%25,HTTPError: HTTP Error 404: Not Found
f-common-milk-3,חלב 3%,חלב,"כוס (200 מ""ל)",120,6.4,9.4,6,0,error,,,,,,,https://www.foodsdictionary.co.il/Products/1/%D7%97%D7%9C%D7%91%203%25,HTTPError: HTTP Error 404: Not Found
f-common-cottage-1,קוטג' 1%,גבינות,100 גרם,78,12,3,1,0,error,,,,,,,https://www.foodsdictionary.co.il/Products/1/%D7%A7%D7%95%D7%98%D7%92%27%201%25,HTTPError: HTTP Error 404: Not Found
f-common-cottage-5,קוטג' 5%,גבינות,100 גרם,98,11,3,5,0,error,,,,,,,https://www.foodsdictionary.co.il/Products/1/%D7%A7%D7%95%D7%98%D7%92%27%205%25,HTTPError: HTTP Error 404: Not Found
f-common-white-cheese-0,גבינה לבנה 0%,גבינות,100 גרם,54,10,4,0,0,error,,,,,,,https://www.foodsdictionary.co.il/Products/1/%D7%92%D7%91%D7%99%D7%A0%D7%94%20%D7%9C%D7%91%D7%A0%D7%94%200%25,HTTPError: HTTP Error 404: Not Found
f-common-white-cheese-5,גבינה לבנה 5%,גבינות,100 גרם,98,9,4,5,0,error,,,,,,,https://www.foodsdictionary.co.il/Products/1/%D7%92%D7%91%D7%99%D7%A0%D7%94%20%D7%9C%D7%91%D7%A0%D7%94%205%25,HTTPError: HTTP Error 404: Not Found
f-common-yogurt-0,יוגורט טבעי 0%,יוגורט,150 גרם,84,15,6,0,0,error,,,,,,,https://www.foodsdictionary.co.il/Products/1/%D7%99%D7%95%D7%92%D7%95%D7%A8%D7%98%20%D7%98%D7%91%D7%A2%D7%99%200%25,HTTPError: HTTP Error 404: Not Found
f-common-yogurt-3,יוגורט טבעי 3%,יוגורט,150 גרם,108,6,7,4.5,0,error,,,,,,,https://www.foodsdictionary.co.il/Products/1/%D7%99%D7%95%D7%92%D7%95%D7%A8%D7%98%20%D7%98%D7%91%D7%A2%D7%99%203%25,HTTPError: HTTP Error 404: Not Found
f-common-greek-yogurt-5,יוגורט יווני 5%,יוגורט,150 גרם,145,13,6,7.5,0,error,,,,,,,https://www.foodsdictionary.co.il/Products/1/%D7%99%D7%95%D7%92%D7%95%D7%A8%D7%98%20%D7%99%D7%95%D7%95%D7%A0%D7%99%205%25,HTTPError: HTTP Error 404: Not Found
f-common-skyr,סקיר טבעי,יוגורט,150 גרם,90,16,7,0.3,0,error,,,,,,,https://www.foodsdictionary.co.il/Products/1/%D7%A1%D7%A7%D7%99%D7%A8%20%D7%98%D7%91%D7%A2%D7%99,HTTPError: HTTP Error 404: Not Found
f-common-egg-s,ביצה S,ביצים,ביצה S (44 גרם),54,4.7,0.4,3.6,0,error,,,,,,,https://www.foodsdictionary.co.il/Products/1/%D7%91%D7%99%D7%A6%D7%94%20S,HTTPError: HTTP Error 404: Not Found
f-common-egg,ביצה M,ביצים,ביצה M (53 גרם),66,5.8,0.5,4.4,0,error,,,,,,,https://www.foodsdictionary.co.il/Products/1/%D7%91%D7%99%D7%A6%D7%94%20M,HTTPError: HTTP Error 404: Not Found
f-common-egg-l,ביצה L,ביצים,ביצה L (63 גרם),78,6.9,0.6,5.3,0,error,,,,,,,https://www.foodsdictionary.co.il/Products/1/%D7%91%D7%99%D7%A6%D7%94%20L,HTTPError: HTTP Error 404: Not Found
f-common-egg-white,חלבון ביצה,ביצים,100 גרם,52,10.9,0.7,0.2,0,values,חלבון ביצה,52.0,10.9,0.73,0.17,0.0,https://www.foodsdictionary.co.il/Products/1/%D7%97%D7%9C%D7%91%D7%95%D7%9F%20%D7%91%D7%99%D7%A6%D7%94,
f-common-chicken-breast,חזה עוף,עוף ובשר,100 גרם,165,31,0,3.6,0,values,חזה עוף טרי,120.0,22.5,0.0,2.62,0.0,https://www.foodsdictionary.co.il/Products/1/%D7%97%D7%96%D7%94%20%D7%A2%D7%95%D7%A3,
f-common-chicken-thigh,פרגית ללא עור,עוף ובשר,100 גרם,177,24,0,8,0,error,,,,,,,https://www.foodsdictionary.co.il/Products/1/%D7%A4%D7%A8%D7%92%D7%99%D7%AA%20%D7%9C%D7%9C%D7%90%20%D7%A2%D7%95%D7%A8,HTTPError: HTTP Error 404: Not Found
f-common-turkey-breast,חזה הודו,עוף ובשר,100 גרם,135,29,0,1.5,0,values,חזה הודו,111.0,24.6,0.0,0.65,0.0,https://www.foodsdictionary.co.il/Products/1/%D7%97%D7%96%D7%94%20%D7%94%D7%95%D7%93%D7%95,
f-common-beef-5,בשר בקר טחון 5%,עוף ובשר,100 גרם,137,21,0,5,0,error,,,,,,,https://www.foodsdictionary.co.il/Products/1/%D7%91%D7%A9%D7%A8%20%D7%91%D7%A7%D7%A8%20%D7%98%D7%97%D7%95%D7%9F%205%25,HTTPError: HTTP Error 404: Not Found
f-common-tuna-water,טונה במים,דגים,קופסה מסוננת (112 גרם),130,29,0,1,0,error,,,,,,,https://www.foodsdictionary.co.il/Products/1/%D7%98%D7%95%D7%A0%D7%94%20%D7%91%D7%9E%D7%99%D7%9D,HTTPError: HTTP Error 404: Not Found
f-common-salmon,סלמון,דגים,100 גרם,208,20,0,13,0,error,,,,,,,https://www.foodsdictionary.co.il/Products/1/%D7%A1%D7%9C%D7%9E%D7%95%D7%9F,HTTPError: HTTP Error 404: Not Found
f-common-white-fish,דג לבן,דגים,100 גרם,110,23,0,2,0,error,,,,,,,https://www.foodsdictionary.co.il/Products/1/%D7%93%D7%92%20%D7%9C%D7%91%D7%9F,HTTPError: HTTP Error 404: Not Found
f-common-tofu,טופו,תחליפי בשר,100 גרם,144,15,2,8,1,error,,,,,,,https://www.foodsdictionary.co.il/Products/1/%D7%98%D7%95%D7%A4%D7%95,HTTPError: HTTP Error 404: Not Found
f-common-pasta,פסטה מבושלת,דגנים ופחמימות,100 גרם,158,5.8,30.9,0.9,1.8,error,,,,,,,https://www.foodsdictionary.co.il/Products/1/%D7%A4%D7%A1%D7%98%D7%94%20%D7%9E%D7%91%D7%95%D7%A9%D7%9C%D7%AA,HTTPError: HTTP Error 404: Not Found
f-common-potato,תפוח אדמה מבושל,דגנים ופחמימות,100 גרם,86,1.7,20,0.1,1.8,error,,,,,,,https://www.foodsdictionary.co.il/Products/1/%D7%AA%D7%A4%D7%95%D7%97%20%D7%90%D7%93%D7%9E%D7%94%20%D7%9E%D7%91%D7%95%D7%A9%D7%9C,HTTPError: HTTP Error 404: Not Found
f-common-sweet-potato,בטטה,דגנים ופחמימות,100 גרם,86,1.6,20.1,0.1,3,values,בטטה טריה,86.0,1.57,20.12,0.05,3.0,https://www.foodsdictionary.co.il/Products/1/%D7%91%D7%98%D7%98%D7%94,
f-common-oats,שיבולת שועל,דגנים ופחמימות,50 גרם,190,6.5,33,3.5,5,values,שיבולת שועל,389.0,16.89,66.27,6.9,10.6,https://www.foodsdictionary.co.il/Products/1/%D7%A9%D7%99%D7%91%D7%95%D7%9C%D7%AA%20%D7%A9%D7%95%D7%A2%D7%9C,
f-common-bread,לחם,לחמים,פרוסה,75,2.5,14,1,1,error,,,,,,,https://www.foodsdictionary.co.il/Products/1/%D7%9C%D7%97%D7%9D,HTTPError: HTTP Error 404: Not Found
f-common-whole-bread,לחם מלא,לחמים,פרוסה,80,3.5,13,1.2,2.5,error,,,,,,,https://www.foodsdictionary.co.il/Products/1/%D7%9C%D7%97%D7%9D%20%D7%9E%D7%9C%D7%90,HTTPError: HTTP Error 404: Not Found
f-common-pita,פיתה,לחמים,יחידה,170,6,35,1,2,error,,,,,,,https://www.foodsdictionary.co.il/Products/1/%D7%A4%D7%99%D7%AA%D7%94,HTTPError: HTTP Error 404: Not Found
f-common-whole-pita,פיתה מלאה,לחמים,יחידה,165,6,31,2,5,error,,,,,,,https://www.foodsdictionary.co.il/Products/1/%D7%A4%D7%99%D7%AA%D7%94%20%D7%9E%D7%9C%D7%90%D7%94,HTTPError: HTTP Error 404: Not Found
f-common-tortilla,טורטייה,לחמים,יחידה,150,4,25,4,2,error,,,,,,,https://www.foodsdictionary.co.il/Products/1/%D7%98%D7%95%D7%A8%D7%98%D7%99%D7%99%D7%94,HTTPError: HTTP Error 404: Not Found
f-common-flour,קמח לבן,מצרכים בסיסיים,100 גרם,364,10.3,76.3,1,2.7,error,,,,,,,https://www.foodsdictionary.co.il/Products/1/%D7%A7%D7%9E%D7%97%20%D7%9C%D7%91%D7%9F,HTTPError: HTTP Error 404: Not Found
f-common-whole-flour,קמח מלא,מצרכים בסיסיים,100 גרם,340,13.7,72,2.5,10.7,error,,,,,,,https://www.foodsdictionary.co.il/Products/1/%D7%A7%D7%9E%D7%97%20%D7%9E%D7%9C%D7%90,HTTPError: HTTP Error 404: Not Found
f-common-lentils,עדשים מבושלות,קטניות,100 גרם,116,9,20,0.4,7.9,error,,,,,,,https://www.foodsdictionary.co.il/Products/1/%D7%A2%D7%93%D7%A9%D7%99%D7%9D%20%D7%9E%D7%91%D7%95%D7%A9%D7%9C%D7%95%D7%AA,HTTPError: HTTP Error 404: Not Found
f-common-chickpeas,חומוס מבושל,קטניות,100 גרם,164,8.9,27.4,2.6,7.6,error,,,,,,,https://www.foodsdictionary.co.il/Products/1/%D7%97%D7%95%D7%9E%D7%95%D7%A1%20%D7%9E%D7%91%D7%95%D7%A9%D7%9C,HTTPError: HTTP Error 404: Not Found
f-common-beans,שעועית מבושלת,קטניות,100 גרם,127,8.7,22.8,0.5,6.4,error,,,,,,,https://www.foodsdictionary.co.il/Products/1/%D7%A9%D7%A2%D7%95%D7%A2%D7%99%D7%AA%20%D7%9E%D7%91%D7%95%D7%A9%D7%9C%D7%AA,HTTPError: HTTP Error 404: Not Found
f-common-apple,תפוח,פירות,יחידה בינונית,95,0.5,25,0.3,4.4,error,,,,,,,https://www.foodsdictionary.co.il/Products/1/%D7%AA%D7%A4%D7%95%D7%97,HTTPError: HTTP Error 404: Not Found
f-common-banana,בננה,פירות,יחידה בינונית,105,1.3,27,0.4,3.1,values,בננה,89.0,1.09,22.84,0.33,2.6,https://www.foodsdictionary.co.il/Products/1/%D7%91%D7%A0%D7%A0%D7%94,
f-common-orange,תפוז,פירות,יחידה בינונית,62,1.2,15.4,0.2,3.1,values,תפוז,46.0,0.7,11.5,0.21,2.4,https://www.foodsdictionary.co.il/Products/1/%D7%AA%D7%A4%D7%95%D7%96,
f-common-grapes,ענבים,פירות,100 גרם,69,0.7,18.1,0.2,0.9,error,,,,,,,https://www.foodsdictionary.co.il/Products/1/%D7%A2%D7%A0%D7%91%D7%99%D7%9D,HTTPError: HTTP Error 404: Not Found
f-common-strawberries,תותים,פירות,100 גרם,32,0.7,7.7,0.3,2,error,,,,,,,https://www.foodsdictionary.co.il/Products/1/%D7%AA%D7%95%D7%AA%D7%99%D7%9D,HTTPError: HTTP Error 404: Not Found
f-common-avocado,אבוקדו,פירות / שומנים,חצי אבוקדו (75 גרם),120,1.5,6,11,5,values,אבוקדו,160.0,2.0,8.53,14.66,6.7,https://www.foodsdictionary.co.il/Products/1/%D7%90%D7%91%D7%95%D7%A7%D7%93%D7%95,
f-common-dates,תמר,פירות,יחידה,66,0.4,18,0.1,1.6,error,,,,,,,https://www.foodsdictionary.co.il/Products/1/%D7%AA%D7%9E%D7%A8,HTTPError: HTTP Error 404: Not Found
f-common-tomato,עגבנייה,ירקות,יחידה בינונית (172 גרם),31,1.5,6.7,0.3,2.1,error,,,,,,,https://www.foodsdictionary.co.il/Products/1/%D7%A2%D7%92%D7%91%D7%A0%D7%99%D7%99%D7%94,HTTPError: HTTP Error 404: Not Found
f-common-cucumber,מלפפון,ירקות,יחידה בינונית (96 גרם),14.4,0.6,3.5,0.1,0.5,error,,,,,,,https://www.foodsdictionary.co.il/Products/1/%D7%9E%D7%9C%D7%A4%D7%A4%D7%95%D7%9F,HTTPError: HTTP Error 404: Not Found
f-common-lettuce,חסה,ירקות,100 גרם,15,1.4,2.9,0.2,1.3,error,,,,,,,https://www.foodsdictionary.co.il/Products/1/%D7%97%D7%A1%D7%94,HTTPError: HTTP Error 404: Not Found
f-common-pepper,פלפל אדום,ירקות,יחידה בינונית (185 גרם),57.4,1.8,11.2,0.6,3.9,values,פלפל אדום טרי,31.0,0.99,6.03,0.3,2.1,https://www.foodsdictionary.co.il/Products/1/%D7%A4%D7%9C%D7%A4%D7%9C%20%D7%90%D7%93%D7%95%D7%9D,
f-common-carrot,גזר,ירקות,יחידה בינונית (136 גרם),55.8,1.3,13,0.3,3.8,values,גזר טרי,41.0,0.93,9.58,0.24,2.8,https://www.foodsdictionary.co.il/Products/1/%D7%92%D7%96%D7%A8,
f-common-broccoli,ברוקולי,ירקות,100 גרם,34,2.8,6.6,0.4,2.6,values,ברוקולי טרי,34.0,2.82,6.64,0.37,2.6,https://www.foodsdictionary.co.il/Products/1/%D7%91%D7%A8%D7%95%D7%A7%D7%95%D7%9C%D7%99,
f-common-cauliflower,כרובית,ירקות,100 גרם,25,2,5.3,0.1,2.5,values,כרובית טריה,25.0,1.98,5.3,0.1,2.5,https://www.foodsdictionary.co.il/Products/1/%D7%9B%D7%A8%D7%95%D7%91%D7%99%D7%AA,
f-common-zucchini,קישוא,ירקות,100 גרם,16,1.2,3.4,0.3,1.1,error,,,,,,,https://www.foodsdictionary.co.il/Products/1/%D7%A7%D7%99%D7%A9%D7%95%D7%90,HTTPError: HTTP Error 404: Not Found
f-common-onion,בצל,ירקות,100 גרם,40,1.1,9.3,0.1,1.7,values,בצל טרי,40.0,1.1,9.34,0.1,1.7,https://www.foodsdictionary.co.il/Products/1/%D7%91%D7%A6%D7%9C,
f-common-olive-oil,שמן זית,שמנים,כף,119,0,0,13.5,0,values,שמן זית,884.0,0.0,0.0,100.0,0.0,https://www.foodsdictionary.co.il/Products/1/%D7%A9%D7%9E%D7%9F%20%D7%96%D7%99%D7%AA,
f-common-canola-oil,שמן קנולה,שמנים,כף,124,0,0,14,0,page-no-values,שמן קנולה,884.0,0.0,0.0,100.0,,https://www.foodsdictionary.co.il/Products/1/%D7%A9%D7%9E%D7%9F%20%D7%A7%D7%A0%D7%95%D7%9C%D7%94,
f-common-tahini,טחינה גולמית,ממרחים,כף,89,2.6,3.2,8,1.4,values,טחינה גולמית (מזרעי שומשום קלויים),595.0,17.0,21.2,53.8,9.3,https://www.foodsdictionary.co.il/Products/1/%D7%98%D7%97%D7%99%D7%A0%D7%94%20%D7%92%D7%95%D7%9C%D7%9E%D7%99%D7%AA,
f-common-peanut-butter,חמאת בוטנים,ממרחים,כף,94,4,3.2,8,1,values,חמאת בוטנים,529.0,18.3,46.88,29.8,5.0,https://www.foodsdictionary.co.il/Products/1/%D7%97%D7%9E%D7%90%D7%AA%20%D7%91%D7%95%D7%98%D7%A0%D7%99%D7%9D,
f-common-ketchup,קטשופ,רטבים,כף,20,0.2,4.8,0.1,0.1,error,,,,,,,https://www.foodsdictionary.co.il/Products/1/%D7%A7%D7%98%D7%A9%D7%95%D7%A4,HTTPError: HTTP Error 404: Not Found
f-common-mayo,מיונז,רטבים,כף,94,0.1,0.1,10.3,0,error,,,,,,,https://www.foodsdictionary.co.il/Products/1/%D7%9E%D7%99%D7%95%D7%A0%D7%96,HTTPError: HTTP Error 404: Not Found
f-common-light-mayo,מיונז לייט,רטבים,כף,35,0.2,1.5,3,0,error,,,,,,,https://www.foodsdictionary.co.il/Products/1/%D7%9E%D7%99%D7%95%D7%A0%D7%96%20%D7%9C%D7%99%D7%99%D7%98,HTTPError: HTTP Error 404: Not Found
f-common-mustard,חרדל,רטבים,כף,10,0.6,0.6,0.6,0.3,values,חרדל,67.0,4.37,5.33,4.01,3.3,https://www.foodsdictionary.co.il/Products/1/%D7%97%D7%A8%D7%93%D7%9C,
f-common-soy-sauce,רוטב סויה,רטבים,כף,9,1.3,0.8,0.1,0,error,,,,,,,https://www.foodsdictionary.co.il/Products/1/%D7%A8%D7%95%D7%98%D7%91%20%D7%A1%D7%95%D7%99%D7%94,HTTPError: HTTP Error 404: Not Found
f-common-tomato-sauce,רוטב עגבניות,רטבים,100 גרם,35,1.5,6,0.5,1.5,error,,,,,,,https://www.foodsdictionary.co.il/Products/1/%D7%A8%D7%95%D7%98%D7%91%20%D7%A2%D7%92%D7%91%D7%A0%D7%99%D7%95%D7%AA,HTTPError: HTTP Error 404: Not Found
f-common-salsa,סלסה,רטבים,100 גרם,36,1.5,7,0.2,1.5,error,,,,,,,https://www.foodsdictionary.co.il/Products/1/%D7%A1%D7%9C%D7%A1%D7%94,HTTPError: HTTP Error 404: Not Found
f-common-light-sour-cream,שמנת חמוצה 9%,מוצרי חלב,כף,28,0.5,0.7,2.7,0,error,,,,,,,https://www.foodsdictionary.co.il/Products/1/%D7%A9%D7%9E%D7%A0%D7%AA%20%D7%97%D7%9E%D7%95%D7%A6%D7%94%209%25,HTTPError: HTTP Error 404: Not Found
f-common-light-cream,שמנת לבישול 9%,מוצרי חלב,100 מ״ל,120,2.5,4,9,0,error,,,,,,,https://www.foodsdictionary.co.il/Products/1/%D7%A9%D7%9E%D7%A0%D7%AA%20%D7%9C%D7%91%D7%99%D7%A9%D7%95%D7%9C%209%25,HTTPError: HTTP Error 404: Not Found
f-common-sugar,סוכר,ממתיקים,כפית,16,0,4,0,0,values,סוכר לבן,387.0,0.0,99.98,0.0,0.0,https://www.foodsdictionary.co.il/Products/1/%D7%A1%D7%95%D7%9B%D7%A8,
f-common-honey,דבש,ממתיקים,כף,64,0.1,17.3,0,0,values,דבש,304.0,0.3,82.4,0.0,0.2,https://www.foodsdictionary.co.il/Products/1/%D7%93%D7%91%D7%A9,
f-common-protein-bar,חטיף חלבון,חטיפי חלבון,חטיף,200,20,18,7,5,error,,,,,,,https://www.foodsdictionary.co.il/Products/1/%D7%97%D7%98%D7%99%D7%A3%20%D7%97%D7%9C%D7%91%D7%95%D7%9F,HTTPError: HTTP Error 404: Not Found
f-common-protein-drink,משקה חלבון,משקאות חלבון,בקבוק (330 מ״ל),160,25,10,2,0,error,,,,,,,https://www.foodsdictionary.co.il/Products/1/%D7%9E%D7%A9%D7%A7%D7%94%20%D7%97%D7%9C%D7%91%D7%95%D7%9F,HTTPError: HTTP Error 404: Not Found
f-common-protein-powder,אבקת חלבון,תוספי תזונה,מנה (30 גרם),120,24,3,2,0,error,,,,,,,https://www.foodsdictionary.co.il/Products/1/%D7%90%D7%91%D7%A7%D7%AA%20%D7%97%D7%9C%D7%91%D7%95%D7%9F,HTTPError: HTTP Error 404: Not Found
f-usda-cereal-001,קורנפלקס,דגני בוקר,30 גרם,114,2,25,0,0.6,error,,,,,,,https://www.foodsdictionary.co.il/Products/1/%D7%A7%D7%95%D7%A8%D7%A0%D7%A4%D7%9C%D7%A7%D7%A1,HTTPError: HTTP Error 404: Not Found
f-usda-cereal-002,צ׳יריוס,דגני בוקר,30 גרם,111,3,22,2,3,error,,,,,,,https://www.foodsdictionary.co.il/Products/1/%D7%A6%D7%B3%D7%99%D7%A8%D7%99%D7%95%D7%A1,HTTPError: HTTP Error 404: Not Found
f-usda-cereal-003,גרנולה אגוזים,דגני בוקר,45 גרם,208,5,30,8,3,error,,,,,,,https://www.foodsdictionary.co.il/Products/1/%D7%92%D7%A8%D7%A0%D7%95%D7%9C%D7%94%20%D7%90%D7%92%D7%95%D7%96%D7%99%D7%9D,HTTPError: HTTP Error 404: Not Found
f-usda-cereal-004,מוסלי,דגני בוקר,45 גרם,168,5,31,3,3,error,,,,,,,https://www.foodsdictionary.co.il/Products/1/%D7%9E%D7%95%D7%A1%D7%9C%D7%99,HTTPError: HTTP Error 404: Not Found
f-usda-cereal-005,שיבולת שועל מיידית,דגני בוקר,40 גרם,150,4,27,3,2,error,,,,,,,https://www.foodsdictionary.co.il/Products/1/%D7%A9%D7%99%D7%91%D7%95%D7%9C%D7%AA%20%D7%A9%D7%95%D7%A2%D7%9C%20%D7%9E%D7%99%D7%99%D7%93%D7%99%D7%AA,HTTPError: HTTP Error 404: Not Found
f-usda-cereal-006,ריים קריספיז,דגני בוקר,30 גרם,108,2,24,0,0,error,,,,,,,https://www.foodsdictionary.co.il/Products/1/%D7%A8%D7%99%D7%99%D7%9D%20%D7%A7%D7%A8%D7%99%D7%A1%D7%A4%D7%99%D7%96,HTTPError: HTTP Error 404: Not Found
f-usda-cereal-007,ספציאל קיי,דגני בוקר,30 גרם,117,7,22,1,1,error,,,,,,,https://www.foodsdictionary.co.il/Products/1/%D7%A1%D7%A4%D7%A6%D7%99%D7%90%D7%9C%20%D7%A7%D7%99%D7%99,HTTPError: HTTP Error 404: Not Found
f-usda-cereal-008,חמולין,דגני בוקר,55 גרם,190,5,46,2,7,error,,,,,,,https://www.foodsdictionary.co.il/Products/1/%D7%97%D7%9E%D7%95%D7%9C%D7%99%D7%9F,HTTPError: HTTP Error 404: Not Found
f-usda-cereal-009,וויטביקס,דגני בוקר,38 גרם (2 עוגיות),136,5,26,1,4,error,,,,,,,https://www.foodsdictionary.co.il/Products/1/%D7%95%D7%95%D7%99%D7%98%D7%91%D7%99%D7%A7%D7%A1,HTTPError: HTTP Error 404: Not Found
f-usda-cereal-010,פרי לופס,דגני בוקר,29 גרם,111,1,25,1,1,error,,,,,,,https://www.foodsdictionary.co.il/Products/1/%D7%A4%D7%A8%D7%99%20%D7%9C%D7%95%D7%A4%D7%A1,HTTPError: HTTP Error 404: Not Found
f-usda-cereal-011,קפטן קראנץ׳,דגני בוקר,27 גרם,108,2,23,1,1,error,,,,,,,https://www.foodsdictionary.co.il/Products/1/%D7%A7%D7%A4%D7%98%D7%9F%20%D7%A7%D7%A8%D7%90%D7%A0%D7%A5%D7%B3,HTTPError: HTTP Error 404: Not Found
f-usda-cereal-012,פרוסטד מיניוויטס,דגני בוקר,59 גרם,200,6,48,1,6,error,,,,,,,https://www.foodsdictionary.co.il/Products/1/%D7%A4%D7%A8%D7%95%D7%A1%D7%98%D7%93%20%D7%9E%D7%99%D7%A0%D7%99%D7%95%D7%95%D7%99%D7%98%D7%A1,HTTPError: HTTP Error 404: Not Found
f-usda-cereal-013,גרנולה שוקולד,דגני בוקר,45 גרם,196,4,30,7,3,error,,,,,,,https://www.foodsdictionary.co.il/Products/1/%D7%92%D7%A8%D7%A0%D7%95%D7%9C%D7%94%20%D7%A9%D7%95%D7%A7%D7%95%D7%9C%D7%93,HTTPError: HTTP Error 404: Not Found
f-usda-cereal-014,שיבולת שועל פלדה,דגני בוקר,40 גרם יבש,150,5,27,3,3,error,,,,,,,https://www.foodsdictionary.co.il/Products/1/%D7%A9%D7%99%D7%91%D7%95%D7%9C%D7%AA%20%D7%A9%D7%95%D7%A2%D7%9C%20%D7%A4%D7%9C%D7%93%D7%94,HTTPError: HTTP Error 404: Not Found
f-usda-cereal-015,הני סמאקס,דגני בוקר,27 גרם,100,2,24,0,1,error,,,,,,,https://www.foodsdictionary.co.il/Products/1/%D7%94%D7%A0%D7%99%20%D7%A1%D7%9E%D7%90%D7%A7%D7%A1,HTTPError: HTTP Error 404: Not Found
f-usda-cereal-016,קוקו פאפס,דגני בוקר,30 גרם,117,1,26,1,1,error,,,,,,,https://www.foodsdictionary.co.il/Products/1/%D7%A7%D7%95%D7%A7%D7%95%20%D7%A4%D7%90%D7%A4%D7%A1,HTTPError: HTTP Error 404: Not Found
f-usda-cereal-017,הני קראנץ׳ אוט,דגני בוקר,30 גרם,120,2,25,2,1,error,,,,,,,https://www.foodsdictionary.co.il/Products/1/%D7%94%D7%A0%D7%99%20%D7%A7%D7%A8%D7%90%D7%A0%D7%A5%D7%B3%20%D7%90%D7%95%D7%98,HTTPError: HTTP Error 404: Not Found
f-usda-cereal-018,פרוסטד פלייקס,דגני בוקר,30 גרם,114,1,27,0,0,error,,,,,,,https://www.foodsdictionary.co.il/Products/1/%D7%A4%D7%A8%D7%95%D7%A1%D7%98%D7%93%20%D7%A4%D7%9C%D7%99%D7%99%D7%A7%D7%A1,HTTPError: HTTP Error 404: Not Found
f-usda-cereal-019,פייבר ואן,דגני בוקר,30 גרם,60,2,25,1,14,error,,,,,,,https://www.foodsdictionary.co.il/Products/1/%D7%A4%D7%99%D7%99%D7%91%D7%A8%20%D7%95%D7%90%D7%9F,HTTPError: HTTP Error 404: Not Found
f-usda-cereal-020,לוקי צ׳ארמס,דגני בוקר,30 גרם,116,2,25,1,1,error,,,,,,,https://www.foodsdictionary.co.il/Products/1/%D7%9C%D7%95%D7%A7%D7%99%20%D7%A6%D7%B3%D7%90%D7%A8%D7%9E%D7%A1,HTTPError: HTTP Error 404: Not Found
f-usda-bread-001,לחם לבן,לחמים,פרוסה (30 גרם),79,3,15,1,1,error,,,,,,,https://www.foodsdictionary.co.il/Products/1/%D7%9C%D7%97%D7%9D%20%D7%9C%D7%91%D7%9F,HTTPError: HTTP Error 404: Not Found
f-usda-bread-002,לחם שיפון,לחמים,פרוסה (32 גרם),83,3,15,1,2,values,לחם שיפון,258.0,8.5,48.3,3.3,5.8,https://www.foodsdictionary.co.il/Products/1/%D7%9C%D7%97%D7%9D%20%D7%A9%D7%99%D7%A4%D7%95%D7%9F,
f-usda-bread-003,בייגל,לחמים,בייגל (98 גרם),270,10,53,2,2,error,,,,,,,https://www.foodsdictionary.co.il/Products/1/%D7%91%D7%99%D7%99%D7%92%D7%9C,HTTPError: HTTP Error 404: Not Found
f-usda-bread-004,בייגל שלם,לחמים,בייגל (98 גרם),260,11,51,2,4,error,,,,,,,https://www.foodsdictionary.co.il/Products/1/%D7%91%D7%99%D7%99%D7%92%D7%9C%20%D7%A9%D7%9C%D7%9D,HTTPError: HTTP Error 404: Not Found
f-usda-bread-005,קרקר מלח,לחמים,5 קרקרים (15 גרם),65,1,11,2,0,error,,,,,,,https://www.foodsdictionary.co.il/Products/1/%D7%A7%D7%A8%D7%A7%D7%A8%20%D7%9E%D7%9C%D7%97,HTTPError: HTTP Error 404: Not Found
f-usda-bread-006,קרקר מלא,לחמים,5 קרקרים (16 גרם),70,2,11,2,1,error,,,,,,,https://www.foodsdictionary.co.il/Products/1/%D7%A7%D7%A8%D7%A7%D7%A8%20%D7%9E%D7%9C%D7%90,HTTPError: HTTP Error 404: Not Found
f-usda-bread-007,פיתה לבנה,לחמים,פיתה (60 גרם),165,5,33,1,1,error,,,,,,,https://www.foodsdictionary.co.il/Products/1/%D7%A4%D7%99%D7%AA%D7%94%20%D7%9C%D7%91%D7%A0%D7%94,HTTPError: HTTP Error 404: Not Found
f-usda-bread-008,לחמנייה המבורגר,לחמים,לחמנייה (43 גרם),120,4,22,2,1,error,,,,,,,https://www.foodsdictionary.co.il/Products/1/%D7%9C%D7%97%D7%9E%D7%A0%D7%99%D7%99%D7%94%20%D7%94%D7%9E%D7%91%D7%95%D7%A8%D7%92%D7%A8,HTTPError: HTTP Error 404: Not Found
f-usda-bread-009,קרואסון,לחמים,קרואסון (57 גרם),231,5,26,12,1,error,,,,,,,https://www.foodsdictionary.co.il/Products/1/%D7%A7%D7%A8%D7%95%D7%90%D7%A1%D7%95%D7%9F,HTTPError: HTTP Error 404: Not Found
f-usda-bread-010,מאפין אנגלי,לחמים,מאפין (57 גרם),134,5,26,1,2,error,,,,,,,https://www.foodsdictionary.co.il/Products/1/%D7%9E%D7%90%D7%A4%D7%99%D7%9F%20%D7%90%D7%A0%D7%92%D7%9C%D7%99,HTTPError: HTTP Error 404: Not Found
f-usda-bread-011,פוקצ׳ה,לחמים,100 גרם,249,7,38,9,2,error,,,,,,,https://www.foodsdictionary.co.il/Products/1/%D7%A4%D7%95%D7%A7%D7%A6%D7%B3%D7%94,HTTPError: HTTP Error 404: Not Found
f-usda-bread-012,לחם שאור,לחמים,פרוסה (35 גרם),89,4,17,1,1,error,,,,,,,https://www.foodsdictionary.co.il/Products/1/%D7%9C%D7%97%D7%9D%20%D7%A9%D7%90%D7%95%D7%A8,HTTPError: HTTP Error 404: Not Found
f-usda-bread-013,נאן,לחמים,נאן (90 גרם),262,9,45,5,2,error,,,,,,,https://www.foodsdictionary.co.il/Products/1/%D7%A0%D7%90%D7%9F,HTTPError: HTTP Error 404: Not Found
f-usda-bread-014,טורטייה קמח,לחמים,טורטייה גדולה (45 גרם),146,4,25,4,2,error,,,,,,,https://www.foodsdictionary.co.il/Products/1/%D7%98%D7%95%D7%A8%D7%98%D7%99%D7%99%D7%94%20%D7%A7%D7%9E%D7%97,HTTPError: HTTP Error 404: Not Found
f-usda-bread-015,טורטייה תירס,לחמים,2 טורטיות (46 גרם),103,3,21,1,3,error,,,,,,,https://www.foodsdictionary.co.il/Products/1/%D7%98%D7%95%D7%A8%D7%98%D7%99%D7%99%D7%94%20%D7%AA%D7%99%D7%A8%D7%A1,HTTPError: HTTP Error 404: Not Found
f-usda-meat-002,פרגית עוף מבושלת,עוף ועופות,85 גרם,178,22,0,9,0,error,,,,,,,https://www.foodsdictionary.co.il/Products/1/%D7%A4%D7%A8%D7%92%D7%99%D7%AA%20%D7%A2%D7%95%D7%A3%20%D7%9E%D7%91%D7%95%D7%A9%D7%9C%D7%AA,HTTPError: HTTP Error 404: Not Found
f-usda-meat-003,כנפי עוף,עוף ועופות,4 כנפיים (85 גרם),203,20,0,13,0,values,כנפי עוף,126.0,21.97,0.0,3.54,0.0,https://www.foodsdictionary.co.il/Products/1/%D7%9B%D7%A0%D7%A4%D7%99%20%D7%A2%D7%95%D7%A3,
f-usda-meat-004,חזה הודו פרוס,עוף ועופות,2 פרוסות (56 גרם),60,11,1,1,0,error,,,,,,,https://www.foodsdictionary.co.il/Products/1/%D7%97%D7%96%D7%94%20%D7%94%D7%95%D7%93%D7%95%20%D7%A4%D7%A8%D7%95%D7%A1,HTTPError: HTTP Error 404: Not Found
f-usda-meat-005,קבב הודו,עוף ועופות,100 גרם,185,24,2,9,0,error,,,,,,,https://www.foodsdictionary.co.il/Products/1/%D7%A7%D7%91%D7%91%20%D7%94%D7%95%D7%93%D7%95,HTTPError: HTTP Error 404: Not Found
f-usda-meat-006,ביף סטייק סינטה,בקר וכבש,100 גרם,207,29,0,10,0,error,,,,,,,https://www.foodsdictionary.co.il/Products/1/%D7%91%D7%99%D7%A3%20%D7%A1%D7%98%D7%99%D7%99%D7%A7%20%D7%A1%D7%99%D7%A0%D7%98%D7%94,HTTPError: HTTP Error 404: Not Found
f-usda-meat-007,בשר טחון 80/20,בקר וכבש,100 גרם,254,17,0,20,0,error,,,,,,,https://www.foodsdictionary.co.il/Products/1/%D7%91%D7%A9%D7%A8%20%D7%98%D7%97%D7%95%D7%9F%2080%2F20,HTTPError: HTTP Error 404: Not Found
f-usda-meat-008,ריביי,בקר וכבש,100 גרם,291,24,0,21,0,error,,,,,,,https://www.foodsdictionary.co.il/Products/1/%D7%A8%D7%99%D7%91%D7%99%D7%99,HTTPError: HTTP Error 404: Not Found
f-usda-meat-009,קבב בקר,בקר וכבש,100 גרם,234,22,4,15,0,error,,,,,,,https://www.foodsdictionary.co.il/Products/1/%D7%A7%D7%91%D7%91%20%D7%91%D7%A7%D7%A8,HTTPError: HTTP Error 404: Not Found
f-usda-meat-010,המבורגר בקר,בקר וכבש,85 גרם,218,19,0,15,0,error,,,,,,,https://www.foodsdictionary.co.il/Products/1/%D7%94%D7%9E%D7%91%D7%95%D7%A8%D7%92%D7%A8%20%D7%91%D7%A7%D7%A8,HTTPError: HTTP Error 404: Not Found
f-usda-meat-011,כבש קוסקוס,בקר וכבש,100 גרם,258,25,0,17,0,error,,,,,,,https://www.foodsdictionary.co.il/Products/1/%D7%9B%D7%91%D7%A9%20%D7%A7%D7%95%D7%A1%D7%A7%D7%95%D7%A1,HTTPError: HTTP Error 404: Not Found
f-usda-meat-012,כבד עוף,עוף ועופות,85 גרם,142,20,1,6,0,values,כבד עוף טרי,116.0,16.92,0.73,4.83,0.0,https://www.foodsdictionary.co.il/Products/1/%D7%9B%D7%91%D7%93%20%D7%A2%D7%95%D7%A3,
f-usda-meat-013,בייקון,בשר מעובד,2 רצועות (16 גרם),87,6,0,7,0,error,,,,,,,https://www.foodsdictionary.co.il/Products/1/%D7%91%D7%99%D7%99%D7%A7%D7%95%D7%9F,HTTPError: HTTP Error 404: Not Found
f-usda-meat-014,נקניקיות,בשר מעובד,נקניקייה (45 גרם),137,5,2,12,0,error,,,,,,,https://www.foodsdictionary.co.il/Products/1/%D7%A0%D7%A7%D7%A0%D7%99%D7%A7%D7%99%D7%95%D7%AA,HTTPError: HTTP Error 404: Not Found
f-usda-meat-015,פפרוני,בשר מעובד,17 פרוסות (30 גרם),138,6,1,13,0,error,,,,,,,https://www.foodsdictionary.co.il/Products/1/%D7%A4%D7%A4%D7%A8%D7%95%D7%A0%D7%99,HTTPError: HTTP Error 404: Not Found
f-usda-meat-016,פרוסות הם,בשר מעובד,2 פרוסות (56 גרם),69,9,2,3,0,error,,,,,,,https://www.foodsdictionary.co.il/Products/1/%D7%A4%D7%A8%D7%95%D7%A1%D7%95%D7%AA%20%D7%94%D7%9D,HTTPError: HTTP Error 404: Not Found
f-usda-meat-017,קורנד ביף,בשר מעובד,85 גרם,213,15,0,16,0,error,,,,,,,https://www.foodsdictionary.co.il/Products/1/%D7%A7%D7%95%D7%A8%D7%A0%D7%93%20%D7%91%D7%99%D7%A3,HTTPError: HTTP Error 404: Not Found
f-usda-meat-018,חזה עוף מעושן,עוף ועופות,85 גרם,120,24,1,2,0,error,,,,,,,https://www.foodsdictionary.co.il/Products/1/%D7%97%D7%96%D7%94%20%D7%A2%D7%95%D7%A3%20%D7%9E%D7%A2%D7%95%D7%A9%D7%9F,HTTPError: HTTP Error 404: Not Found
f-usda-meat-019,בריסקט,בקר וכבש,100 גרם,229,26,0,13,0,error,,,,,,,https://www.foodsdictionary.co.il/Products/1/%D7%91%D7%A8%D7%99%D7%A1%D7%A7%D7%98,HTTPError: HTTP Error 404: Not Found
f-usda-meat-020,ירך הודו,עוף ועופות,100 גרם,190,27,0,9,0,error,,,,,,,https://www.foodsdictionary.co.il/Products/1/%D7%99%D7%A8%D7%9A%20%D7%94%D7%95%D7%93%D7%95,HTTPError: HTTP Error 404: Not Found
f-usda-fish-001,סלמון מוקפץ,דגים,100 גרם,208,20,0,13,0,error,,,,,,,https://www.foodsdictionary.co.il/Products/1/%D7%A1%D7%9C%D7%9E%D7%95%D7%9F%20%D7%9E%D7%95%D7%A7%D7%A4%D7%A5,HTTPError: HTTP Error 404: Not Found
f-usda-fish-002,טונה מקופסה שמן,דגים,100 גרם מסונן,198,26,0,10,0,error,,,,,,,https://www.foodsdictionary.co.il/Products/1/%D7%98%D7%95%D7%A0%D7%94%20%D7%9E%D7%A7%D7%95%D7%A4%D7%A1%D7%94%20%D7%A9%D7%9E%D7%9F,HTTPError: HTTP Error 404: Not Found
f-usda-fish-003,שרימפס מבושל,פירות ים,85 גרם,84,18,0,1,0,error,,,,,,,https://www.foodsdictionary.co.il/Products/1/%D7%A9%D7%A8%D7%99%D7%9E%D7%A4%D7%A1%20%D7%9E%D7%91%D7%95%D7%A9%D7%9C,HTTPError: HTTP Error 404: Not Found
f-usda-fish-004,הלבוט,דגים,100 גרם,110,23,0,2,0,error,,,,,,,https://www.foodsdictionary.co.il/Products/1/%D7%94%D7%9C%D7%91%D7%95%D7%98,HTTPError: HTTP Error 404: Not Found
f-usda-fish-005,קוד,דגים,100 גרם,82,18,0,1,0,error,,,,,,,https://www.foodsdictionary.co.il/Products/1/%D7%A7%D7%95%D7%93,HTTPError: HTTP Error 404: Not Found
f-usda-fish-006,טילפיה,דגים,100 גרם,96,20,0,2,0,error,,,,,,,https://www.foodsdictionary.co.il/Products/1/%D7%98%D7%99%D7%9C%D7%A4%D7%99%D7%94,HTTPError: HTTP Error 404: Not Found
f-usda-fish-007,מקרל,דגים,100 גרם,205,19,0,14,0,error,,,,,,,https://www.foodsdictionary.co.il/Products/1/%D7%9E%D7%A7%D7%A8%D7%9C,HTTPError: HTTP Error 404: Not Found
f-usda-fish-008,סרדינים בשמן,דגים,100 גרם מסוננים,208,25,0,11,0,error,,,,,,,https://www.foodsdictionary.co.il/Products/1/%D7%A1%D7%A8%D7%93%D7%99%D7%A0%D7%99%D7%9D%20%D7%91%D7%A9%D7%9E%D7%9F,HTTPError: HTTP Error 404: Not Found
f-usda-fish-009,לברק ים,דגים,100 גרם,124,24,0,3,0,error,,,,,,,https://www.foodsdictionary.co.il/Products/1/%D7%9C%D7%91%D7%A8%D7%A7%20%D7%99%D7%9D,HTTPError: HTTP Error 404: Not Found
f-usda-fish-010,אמנון,דגים,100 גרם,96,20,0,2,0,values,אמנון,96.0,20.08,0.0,1.7,0.0,https://www.foodsdictionary.co.il/Products/1/%D7%90%D7%9E%D7%A0%D7%95%D7%9F,
f-usda-fish-011,קלמרי,פירות ים,100 גרם,92,16,3,1,0,error,,,,,,,https://www.foodsdictionary.co.il/Products/1/%D7%A7%D7%9C%D7%9E%D7%A8%D7%99,HTTPError: HTTP Error 404: Not Found
f-usda-fish-012,תמנון,פירות ים,100 גרם,82,15,2,1,0,values,תמנון,82.0,14.91,2.2,1.04,0.0,https://www.foodsdictionary.co.il/Products/1/%D7%AA%D7%9E%D7%A0%D7%95%D7%9F,
f-usda-fish-013,אנשובי,דגים,9 פילטים (20 גרם),42,6,0,2,0,error,,,,,,,https://www.foodsdictionary.co.il/Products/1/%D7%90%D7%A0%D7%A9%D7%95%D7%91%D7%99,HTTPError: HTTP Error 404: Not Found
f-usda-fish-014,לוקוס,דגים,100 גרם,92,20,0,1,0,values,לוקוס,92.0,19.38,0.0,1.02,0.0,https://www.foodsdictionary.co.il/Products/1/%D7%9C%D7%95%D7%A7%D7%95%D7%A1,
f-usda-fish-015,אמנון מוקפץ בשמן,דגים,100 גרם,148,21,0,7,0,error,,,,,,,https://www.foodsdictionary.co.il/Products/1/%D7%90%D7%9E%D7%A0%D7%95%D7%9F%20%D7%9E%D7%95%D7%A7%D7%A4%D7%A5%20%D7%91%D7%A9%D7%9E%D7%9F,HTTPError: HTTP Error 404: Not Found
f-usda-fruit-001,אבטיח,פירות,2 פרוסות (280 גרם),85,2,21,0,1,values,אבטיח,30.0,0.61,7.55,0.15,0.4,https://www.foodsdictionary.co.il/Products/1/%D7%90%D7%91%D7%98%D7%99%D7%97,
f-usda-fruit-002,מנגו,פירות,פרי בינוני (200 גרם),128,2,32,1,4,values,מנגו,65.0,0.51,17.0,0.27,1.8,https://www.foodsdictionary.co.il/Products/1/%D7%9E%D7%A0%D7%92%D7%95,
f-usda-fruit-003,אפרסק,פירות,פרי בינוני (150 גרם),58,1,14,0,2,values,אפרסק,42.0,0.91,10.1,0.27,1.5,https://www.foodsdictionary.co.il/Products/1/%D7%90%D7%A4%D7%A8%D7%A1%D7%A7,
f-usda-fruit-004,שזיף,פירות,פרי (85 גרם),36,1,9,0,1,values,שזיף,46.0,0.7,11.42,0.28,1.4,https://www.foodsdictionary.co.il/Products/1/%D7%A9%D7%96%D7%99%D7%A3,
f-usda-fruit-005,אוכמניות,פירות,חצי כוס (75 גרם),42,1,11,0,2,values,אוכמניות,57.0,0.74,14.49,0.33,2.4,https://www.foodsdictionary.co.il/Products/1/%D7%90%D7%95%D7%9B%D7%9E%D7%A0%D7%99%D7%95%D7%AA,
f-usda-fruit-006,אוכמניות קפואות,פירות,חצי כוס (78 גרם),40,0,10,0,2,error,,,,,,,https://www.foodsdictionary.co.il/Products/1/%D7%90%D7%95%D7%9B%D7%9E%D7%A0%D7%99%D7%95%D7%AA%20%D7%A7%D7%A4%D7%95%D7%90%D7%95%D7%AA,HTTPError: HTTP Error 404: Not Found
f-usda-fruit-007,פאפאיה,פירות,כוס קוביות (145 גרם),62,1,16,0,3,error,,,,,,,https://www.foodsdictionary.co.il/Products/1/%D7%A4%D7%90%D7%A4%D7%90%D7%99%D7%94,HTTPError: HTTP Error 404: Not Found
f-usda-fruit-008,פסיפלורה,פירות,פרי (18 גרם),17,0,4,0,2,values,פסיפלורה,97.0,2.2,23.38,0.7,10.4,https://www.foodsdictionary.co.il/Products/1/%D7%A4%D7%A1%D7%99%D7%A4%D7%9C%D7%95%D7%A8%D7%94,
f-usda-fruit-009,ספסבה,פירות,10 פירות (100 גרם),66,1,17,0,1,error,,,,,,,https://www.foodsdictionary.co.il/Products/1/%D7%A1%D7%A4%D7%A1%D7%91%D7%94,HTTPError: HTTP Error 404: Not Found
f-usda-fruit-010,ג׳וז׳ובה,פירות,3 פירות (30 גרם),20,0,5,0,1,error,,,,,,,https://www.foodsdictionary.co.il/Products/1/%D7%92%D7%B3%D7%95%D7%96%D7%B3%D7%95%D7%91%D7%94,HTTPError: HTTP Error 404: Not Found
f-usda-fruit-011,ענבים שחורים,פירות,כוס (150 גרם),104,1,27,0,1,error,,,,,,,https://www.foodsdictionary.co.il/Products/1/%D7%A2%D7%A0%D7%91%D7%99%D7%9D%20%D7%A9%D7%97%D7%95%D7%A8%D7%99%D7%9D,HTTPError: HTTP Error 404: Not Found
f-usda-fruit-012,ענבים ירוקים,פירות,כוס (150 גרם),104,1,27,0,1,error,,,,,,,https://www.foodsdictionary.co.il/Products/1/%D7%A2%D7%A0%D7%91%D7%99%D7%9D%20%D7%99%D7%A8%D7%95%D7%A7%D7%99%D7%9D,HTTPError: HTTP Error 404: Not Found
f-usda-fruit-014,מלון קנטלופ,פירות,כוס קוביות (160 גרם),54,1,13,0,1,error,,,,,,,https://www.foodsdictionary.co.il/Products/1/%D7%9E%D7%9C%D7%95%D7%9F%20%D7%A7%D7%A0%D7%98%D7%9C%D7%95%D7%A4,HTTPError: HTTP Error 404: Not Found
f-usda-fruit-015,דובדבנים,פירות,כוס (138 גרם),87,1,22,0,3,error,,,,,,,https://www.foodsdictionary.co.il/Products/1/%D7%93%D7%95%D7%91%D7%93%D7%91%D7%A0%D7%99%D7%9D,HTTPError: HTTP Error 404: Not Found
f-usda-fruit-016,תמרים מייג׳ול,פירות,2 תמרים (48 גרם),133,1,36,0,3,error,,,,,,,https://www.foodsdictionary.co.il/Products/1/%D7%AA%D7%9E%D7%A8%D7%99%D7%9D%20%D7%9E%D7%99%D7%99%D7%92%D7%B3%D7%95%D7%9C,HTTPError: HTTP Error 404: Not Found
f-usda-fruit-017,פרי יבש צימוקים,פירות,רבע כוס (41 גרם),123,1,33,0,1,error,,,,,,,https://www.foodsdictionary.co.il/Products/1/%D7%A4%D7%A8%D7%99%20%D7%99%D7%91%D7%A9%20%D7%A6%D7%99%D7%9E%D7%95%D7%A7%D7%99%D7%9D,HTTPError: HTTP Error 404: Not Found
f-usda-fruit-018,משמשים יבשים,פירות,6 יחידות (30 גרם),72,1,19,0,2,error,,,,,,,https://www.foodsdictionary.co.il/Products/1/%D7%9E%D7%A9%D7%9E%D7%A9%D7%99%D7%9D%20%D7%99%D7%91%D7%A9%D7%99%D7%9D,HTTPError: HTTP Error 404: Not Found
f-usda-fruit-019,שזיפים יבשים,פירות,5 שזיפים (42 גרם),101,1,27,0,3,error,,,,,,,https://www.foodsdictionary.co.il/Products/1/%D7%A9%D7%96%D7%99%D7%A4%D7%99%D7%9D%20%D7%99%D7%91%D7%A9%D7%99%D7%9D,HTTPError: HTTP Error 404: Not Found
f-usda-fruit-020,פרי ד׳אנה,פירות,פרי (140 גרם),63,2,15,0,2,error,,,,,,,https://www.foodsdictionary.co.il/Products/1/%D7%A4%D7%A8%D7%99%20%D7%93%D7%B3%D7%90%D7%A0%D7%94,HTTPError: HTTP Error 404: Not Found
f-usda-fruit-021,רוכבת,פירות,כוס (144 גרם),62,2,14,1,8,error,,,,,,,https://www.foodsdictionary.co.il/Products/1/%D7%A8%D7%95%D7%9B%D7%91%D7%AA,HTTPError: HTTP Error 404: Not Found
f-usda-fruit-022,פטל,פירות,כוס (123 גרם),64,1,15,1,8,values,פטל,52.0,1.2,11.94,0.65,6.5,https://www.foodsdictionary.co.il/Products/1/%D7%A4%D7%98%D7%9C,
f-usda-fruit-023,גויאבה,פירות,פרי (90 גרם),60,2,14,1,5,values,גויאבה,68.0,2.55,14.32,0.95,5.4,https://www.foodsdictionary.co.il/Products/1/%D7%92%D7%95%D7%99%D7%90%D7%91%D7%94,
f-usda-fruit-024,פרי הדר ג׳ייפרוט,פירות,חצי פרי (123 גרם),41,1,10,0,1,error,,,,,,,https://www.foodsdictionary.co.il/Products/1/%D7%A4%D7%A8%D7%99%20%D7%94%D7%93%D7%A8%20%D7%92%D7%B3%D7%99%D7%99%D7%A4%D7%A8%D7%95%D7%98,HTTPError: HTTP Error 404: Not Found
f-usda-veg-001,ארטישוק,ירקות,ארטישוק בינוני (120 גרם),60,4,13,0,7,error,,,,,,,https://www.foodsdictionary.co.il/Products/1/%D7%90%D7%A8%D7%98%D7%99%D7%A9%D7%95%D7%A7,HTTPError: HTTP Error 404: Not Found
f-usda-veg-002,צנון,ירקות,10 צנונות (100 גרם),16,1,3,0,2,error,,,,,,,https://www.foodsdictionary.co.il/Products/1/%D7%A6%D7%A0%D7%95%D7%9F,HTTPError: HTTP Error 404: Not Found
f-usda-veg-003,פנל,ירקות,כוס פרוס (87 גרם),27,1,6,0,3,error,,,,,,,https://www.foodsdictionary.co.il/Products/1/%D7%A4%D7%A0%D7%9C,HTTPError: HTTP Error 404: Not Found
f-usda-veg-004,כרוב נירה,ירקות,כוס (36 גרם),7,1,1,0,1,error,,,,,,,https://www.foodsdictionary.co.il/Products/1/%D7%9B%D7%A8%D7%95%D7%91%20%D7%A0%D7%99%D7%A8%D7%94,HTTPError: HTTP Error 404: Not Found
f-usda-veg-005,כרישה,ירקות,כרישה בינונית (89 גרם),54,1,13,0,2,values,כרישה טריה,61.0,1.5,14.15,0.3,1.8,https://www.foodsdictionary.co.il/Products/1/%D7%9B%D7%A8%D7%99%D7%A9%D7%94,
f-usda-veg-006,שורש סלרי,ירקות,כוס קוביות (156 גרם),65,2,14,0,3,error,,,,,,,https://www.foodsdictionary.co.il/Products/1/%D7%A9%D7%95%D7%A8%D7%A9%20%D7%A1%D7%9C%D7%A8%D7%99,HTTPError: HTTP Error 404: Not Found
f-usda-veg-007,ביצה חצילים,ירקות,כוס קוביות (82 גרם),20,1,5,0,3,error,,,,,,,https://www.foodsdictionary.co.il/Products/1/%D7%91%D7%99%D7%A6%D7%94%20%D7%97%D7%A6%D7%99%D7%9C%D7%99%D7%9D,HTTPError: HTTP Error 404: Not Found
f-usda-veg-008,סלק,ירקות,2 סלקים (100 גרם),44,2,10,0,3,values,סלק טרי,43.0,1.61,9.56,0.17,2.8,https://www.foodsdictionary.co.il/Products/1/%D7%A1%D7%9C%D7%A7,
f-usda-veg-009,לפת,ירקות,כוס קוביות (130 גרם),36,1,8,0,2,values,לפת טריה,28.0,0.9,6.43,0.1,1.8,https://www.foodsdictionary.co.il/Products/1/%D7%9C%D7%A4%D7%AA,
f-usda-veg-010,אספרגוס,ירקות,5 גבעולים (90 גרם),20,2,4,0,2,values,אספרגוס טרי,20.0,2.2,3.88,0.12,2.1,https://www.foodsdictionary.co.il/Products/1/%D7%90%D7%A1%D7%A4%D7%A8%D7%92%D7%95%D7%A1,
f-usda-veg-011,שעועית ירוקה,ירקות,כוס (100 גרם),31,2,7,0,3,values,שעועית ירוקה טריה,31.0,1.83,6.97,0.22,2.7,https://www.foodsdictionary.co.il/Products/1/%D7%A9%D7%A2%D7%95%D7%A2%D7%99%D7%AA%20%D7%99%D7%A8%D7%95%D7%A7%D7%94,
f-usda-veg-012,ארוגולה,ירקות,2 כוסות (40 גרם),10,1,1,0,0,error,,,,,,,https://www.foodsdictionary.co.il/Products/1/%D7%90%D7%A8%D7%95%D7%92%D7%95%D7%9C%D7%94,HTTPError: HTTP Error 404: Not Found
f-usda-veg-013,אנדיב,ירקות,כוס (50 גרם),9,1,2,0,2,error,,,,,,,https://www.foodsdictionary.co.il/Products/1/%D7%90%D7%A0%D7%93%D7%99%D7%91,HTTPError: HTTP Error 404: Not Found
f-usda-veg-014,חסה קוסי,ירקות,2 כוסות קצוצות (94 גרם),16,1,3,0,2,error,,,,,,,https://www.foodsdictionary.co.il/Products/1/%D7%97%D7%A1%D7%94%20%D7%A7%D7%95%D7%A1%D7%99,HTTPError: HTTP Error 404: Not Found
f-usda-veg-015,חסה גלגל,ירקות,כוס (57 גרם),8,1,1,0,1,error,,,,,,,https://www.foodsdictionary.co.il/Products/1/%D7%97%D7%A1%D7%94%20%D7%92%D7%9C%D7%92%D7%9C,HTTPError: HTTP Error 404: Not Found
f-usda-veg-016,שעועית לימה,ירקות,חצי כוס מבושל (90 גרם),105,6,20,0,5,error,,,,,,,https://www.foodsdictionary.co.il/Products/1/%D7%A9%D7%A2%D7%95%D7%A2%D7%99%D7%AA%20%D7%9C%D7%99%D7%9E%D7%94,HTTPError: HTTP Error 404: Not Found
f-usda-veg-017,אפונה שלמה,ירקות,חצי כוס (80 גרם),59,4,11,0,4,error,,,,,,,https://www.foodsdictionary.co.il/Products/1/%D7%90%D7%A4%D7%95%D7%A0%D7%94%20%D7%A9%D7%9C%D7%9E%D7%94,HTTPError: HTTP Error 404: Not Found
f-usda-veg-018,תפוח אדמה מתוק,ירקות,בינוני (130 גרם),112,2,26,0,4,error,,,,,,,https://www.foodsdictionary.co.il/Products/1/%D7%AA%D7%A4%D7%95%D7%97%20%D7%90%D7%93%D7%9E%D7%94%20%D7%9E%D7%AA%D7%95%D7%A7,HTTPError: HTTP Error 404: Not Found
f-usda-veg-019,דלורית,ירקות,כוס קוביות (140 גרם),63,1,16,0,3,values,דלורית טריה,45.0,1.0,11.69,0.1,2.0,https://www.foodsdictionary.co.il/Products/1/%D7%93%D7%9C%D7%95%D7%A8%D7%99%D7%AA,
f-usda-veg-020,פטרוזיליה,ירקות,רבע כוס (15 גרם),5,0,1,0,0,values,פטרוזיליה,36.0,2.97,6.33,0.79,3.3,https://www.foodsdictionary.co.il/Products/1/%D7%A4%D7%98%D7%A8%D7%95%D7%96%D7%99%D7%9C%D7%99%D7%94,
f-usda-veg-021,כוסברה,ירקות,רבע כוס (4 גרם),1,0,0,0,0,values,כוסברה,23.0,2.13,3.67,0.52,2.8,https://www.foodsdictionary.co.il/Products/1/%D7%9B%D7%95%D7%A1%D7%91%D7%A8%D7%94,
f-usda-veg-025,פלפל חריף,ירקות,פלפל (14 גרם),4,0,1,0,0,error,,,,,,,https://www.foodsdictionary.co.il/Products/1/%D7%A4%D7%9C%D7%A4%D7%9C%20%D7%97%D7%A8%D7%99%D7%A3,HTTPError: HTTP Error 404: Not Found
f-usda-veg-026,פטריות שיטאקה,ירקות,כוס (145 גרם),81,3,21,0,3,error,,,,,,,https://www.foodsdictionary.co.il/Products/1/%D7%A4%D7%98%D7%A8%D7%99%D7%95%D7%AA%20%D7%A9%D7%99%D7%98%D7%90%D7%A7%D7%94,HTTPError: HTTP Error 404: Not Found
f-usda-veg-027,פטריות פורטבלו,ירקות,כוס (121 גרם),26,3,5,0,1,values,פטריות פורטבלו טריות,26.0,2.5,5.07,0.2,1.5,https://www.foodsdictionary.co.il/Products/1/%D7%A4%D7%98%D7%A8%D7%99%D7%95%D7%AA%20%D7%A4%D7%95%D7%A8%D7%98%D7%91%D7%9C%D7%95,
f-usda-veg-028,אצות נורי,ירקות,גיליון (2.5 גרם),7,1,1,0,0,error,,,,,,,https://www.foodsdictionary.co.il/Products/1/%D7%90%D7%A6%D7%95%D7%AA%20%D7%A0%D7%95%D7%A8%D7%99,HTTPError: HTTP Error 404: Not Found
f-usda-veg-029,אדמה (פולי סויה),ירקות,חצי כוס (78 גרם),94,9,7,4,4,error,,,,,,,https://www.foodsdictionary.co.il/Products/1/%D7%90%D7%93%D7%9E%D7%94%20%28%D7%A4%D7%95%D7%9C%D7%99%20%D7%A1%D7%95%D7%99%D7%94%29,HTTPError: HTTP Error 404: Not Found
f-usda-veg-030,שורש ג׳ינג׳ר,ירקות,כפית מגוררת (2 גרם),2,0,0,0,0,error,,,,,,,https://www.foodsdictionary.co.il/Products/1/%D7%A9%D7%95%D7%A8%D7%A9%20%D7%92%D7%B3%D7%99%D7%A0%D7%92%D7%B3%D7%A8,HTTPError: HTTP Error 404: Not Found
f-usda-legume-001,שעועית שחורה מבושלת,קטניות,חצי כוס (86 גרם),114,8,20,1,7,error,,,,,,,https://www.foodsdictionary.co.il/Products/1/%D7%A9%D7%A2%D7%95%D7%A2%D7%99%D7%AA%20%D7%A9%D7%97%D7%95%D7%A8%D7%94%20%D7%9E%D7%91%D7%95%D7%A9%D7%9C%D7%AA,HTTPError: HTTP Error 404: Not Found
f-usda-legume-002,שעועית כליות,קטניות,חצי כוס (88 גרם),112,8,20,0,8,error,,,,,,,https://www.foodsdictionary.co.il/Products/1/%D7%A9%D7%A2%D7%95%D7%A2%D7%99%D7%AA%20%D7%9B%D7%9C%D7%99%D7%95%D7%AA,HTTPError: HTTP Error 404: Not Found
f-usda-legume-003,שעועית לבנה,קטניות,חצי כוס (89 גרם),125,9,23,0,6,values,שעועית לבנה טריה,333.0,23.36,60.27,0.85,15.2,https://www.foodsdictionary.co.il/Products/1/%D7%A9%D7%A2%D7%95%D7%A2%D7%99%D7%AA%20%D7%9C%D7%91%D7%A0%D7%94,
f-usda-legume-004,עדשים ירוקות,קטניות,חצי כוס (99 גרם),115,9,20,0,8,error,,,,,,,https://www.foodsdictionary.co.il/Products/1/%D7%A2%D7%93%D7%A9%D7%99%D7%9D%20%D7%99%D7%A8%D7%95%D7%A7%D7%95%D7%AA,HTTPError: HTTP Error 404: Not Found
f-usda-legume-005,אפונה מפוצלת,קטניות,חצי כוס (98 גרם),116,8,21,0,8,error,,,,,,,https://www.foodsdictionary.co.il/Products/1/%D7%90%D7%A4%D7%95%D7%A0%D7%94%20%D7%9E%D7%A4%D7%95%D7%A6%D7%9C%D7%AA,HTTPError: HTTP Error 404: Not Found
f-usda-legume-007,פינטו מבושל,קטניות,חצי כוס (86 גרם),122,8,22,1,8,error,,,,,,,https://www.foodsdictionary.co.il/Products/1/%D7%A4%D7%99%D7%A0%D7%98%D7%95%20%D7%9E%D7%91%D7%95%D7%A9%D7%9C,HTTPError: HTTP Error 404: Not Found
f-usda-legume-009,אורז חום מבושל,דגנים,כוס (195 גרם),216,5,45,2,4,error,,,,,,,https://www.foodsdictionary.co.il/Products/1/%D7%90%D7%95%D7%A8%D7%96%20%D7%97%D7%95%D7%9D%20%D7%9E%D7%91%D7%95%D7%A9%D7%9C,HTTPError: HTTP Error 404: Not Found
f-usda-legume-012,כוסמת מבושלת,דגנים,כוס (168 גרם),155,6,33,1,5,error,,,,,,,https://www.foodsdictionary.co.il/Products/1/%D7%9B%D7%95%D7%A1%D7%9E%D7%AA%20%D7%9E%D7%91%D7%95%D7%A9%D7%9C%D7%AA,HTTPError: HTTP Error 404: Not Found
f-usda-legume-013,פסטה מחיטה מלאה,דגנים,כוס (140 גרם),174,7,37,1,6,error,,,,,,,https://www.foodsdictionary.co.il/Products/1/%D7%A4%D7%A1%D7%98%D7%94%20%D7%9E%D7%97%D7%99%D7%98%D7%94%20%D7%9E%D7%9C%D7%90%D7%94,HTTPError: HTTP Error 404: Not Found
f-usda-legume-014,פסטה לבנה,דגנים,כוס (140 גרם),220,8,43,1,3,error,,,,,,,https://www.foodsdictionary.co.il/Products/1/%D7%A4%D7%A1%D7%98%D7%94%20%D7%9C%D7%91%D7%A0%D7%94,HTTPError: HTTP Error 404: Not Found
f-usda-legume-015,אטריות שעועית,דגנים,כוס (140 גרם),160,0,39,0,0,error,,,,,,,https://www.foodsdictionary.co.il/Products/1/%D7%90%D7%98%D7%A8%D7%99%D7%95%D7%AA%20%D7%A9%D7%A2%D7%95%D7%A2%D7%99%D7%AA,HTTPError: HTTP Error 404: Not Found
f-usda-legume-016,ספגטי מלא,דגנים,כוס (140 גרם),174,7,37,1,6,error,,,,,,,https://www.foodsdictionary.co.il/Products/1/%D7%A1%D7%A4%D7%92%D7%98%D7%99%20%D7%9E%D7%9C%D7%90,HTTPError: HTTP Error 404: Not Found
f-usda-legume-017,אורז יסמין,דגנים,כוס (186 גרם),238,4,53,0,1,error,,,,,,,https://www.foodsdictionary.co.il/Products/1/%D7%90%D7%95%D7%A8%D7%96%20%D7%99%D7%A1%D7%9E%D7%99%D7%9F,HTTPError: HTTP Error 404: Not Found
f-usda-fat-001,חמאת שקדים,ממרחים,2 כפות (32 גרם),196,7,7,18,2,error,,,,,,,https://www.foodsdictionary.co.il/Products/1/%D7%97%D7%9E%D7%90%D7%AA%20%D7%A9%D7%A7%D7%93%D7%99%D7%9D,HTTPError: HTTP Error 404: Not Found
f-usda-fat-002,חמאת קשיו,ממרחים,2 כפות (32 גרם),188,6,10,16,1,error,,,,,,,https://www.foodsdictionary.co.il/Products/1/%D7%97%D7%9E%D7%90%D7%AA%20%D7%A7%D7%A9%D7%99%D7%95,HTTPError: HTTP Error 404: Not Found
f-usda-fat-003,שמן קוקוס,שמנים,כף (14 גרם),121,0,0,14,0,values,שמן קוקוס,862.0,0.0,0.0,100.0,0.0,https://www.foodsdictionary.co.il/Products/1/%D7%A9%D7%9E%D7%9F%20%D7%A7%D7%95%D7%A7%D7%95%D7%A1,
f-usda-fat-004,שמן אבוקדו,שמנים,כף (14 גרם),124,0,0,14,0,values,שמן אבוקדו,884.0,0.0,0.0,100.0,0.0,https://www.foodsdictionary.co.il/Products/1/%D7%A9%D7%9E%D7%9F%20%D7%90%D7%91%D7%95%D7%A7%D7%93%D7%95,
f-usda-fat-005,פיסטוקים,אגוזים,28 גרם (49 גרגרים),159,6,8,13,3,error,,,,,,,https://www.foodsdictionary.co.il/Products/1/%D7%A4%D7%99%D7%A1%D7%98%D7%95%D7%A7%D7%99%D7%9D,HTTPError: HTTP Error 404: Not Found
f-usda-fat-007,אגוזי לוז,אגוזים,28 גרם,178,4,5,17,3,values,אגוזי לוז,628.0,14.95,16.7,60.75,9.7,https://www.foodsdictionary.co.il/Products/1/%D7%90%D7%92%D7%95%D7%96%D7%99%20%D7%9C%D7%95%D7%96,
f-usda-fat-008,אגוזי פקאן,אגוזים,28 גרם,196,3,4,20,3,error,,,,,,,https://www.foodsdictionary.co.il/Products/1/%D7%90%D7%92%D7%95%D7%96%D7%99%20%D7%A4%D7%A7%D7%90%D7%9F,HTTPError: HTTP Error 404: Not Found
f-usda-fat-009,אגוזי מקדמיה,אגוזים,28 גרם,204,2,4,21,2,values,אגוזי מקדמיה,718.0,7.91,13.82,75.77,8.6,https://www.foodsdictionary.co.il/Products/1/%D7%90%D7%92%D7%95%D7%96%D7%99%20%D7%9E%D7%A7%D7%93%D7%9E%D7%99%D7%94,
f-usda-fat-010,גרעיני דלעת,אגוזים,28 גרם,151,7,5,13,2,error,,,,,,,https://www.foodsdictionary.co.il/Products/1/%D7%92%D7%A8%D7%A2%D7%99%D7%A0%D7%99%20%D7%93%D7%9C%D7%A2%D7%AA,HTTPError: HTTP Error 404: Not Found
f-usda-fat-011,זרעי פשתן,אגוזים,כף (10 גרם),55,2,3,4,3,error,,,,,,,https://www.foodsdictionary.co.il/Products/1/%D7%96%D7%A8%D7%A2%D7%99%20%D7%A4%D7%A9%D7%AA%D7%9F,HTTPError: HTTP Error 404: Not Found
f-usda-fat-012,זרעי המפ,אגוזים,3 כפות (30 גרם),166,10,3,15,1,values,זרעי המפ,553.0,31.6,8.67,48.8,4.0,https://www.foodsdictionary.co.il/Products/1/%D7%96%D7%A8%D7%A2%D7%99%20%D7%94%D7%9E%D7%A4,
f-usda-fat-013,שמן חמניות,שמנים,כף (14 גרם),124,0,0,14,0,error,,,,,,,https://www.foodsdictionary.co.il/Products/1/%D7%A9%D7%9E%D7%9F%20%D7%97%D7%9E%D7%A0%D7%99%D7%95%D7%AA,HTTPError: HTTP Error 404: Not Found
f-usda-fat-014,חמאת בוטנים טבעית,ממרחים,2 כפות (32 גרם),191,8,7,16,2,error,,,,,,,https://www.foodsdictionary.co.il/Products/1/%D7%97%D7%9E%D7%90%D7%AA%20%D7%91%D7%95%D7%98%D7%A0%D7%99%D7%9D%20%D7%98%D7%91%D7%A2%D7%99%D7%AA,HTTPError: HTTP Error 404: Not Found
f-usda-fat-015,גרעיני חמניות,אגוזים,28 גרם,163,6,6,14,3,error,,,,,,,https://www.foodsdictionary.co.il/Products/1/%D7%92%D7%A8%D7%A2%D7%99%D7%A0%D7%99%20%D7%97%D7%9E%D7%A0%D7%99%D7%95%D7%AA,HTTPError: HTTP Error 404: Not Found
f-usda-soy-001,טופו קשה,מוצרים צמחיים,100 גרם,76,9,2,4,0,error,,,,,,,https://www.foodsdictionary.co.il/Products/1/%D7%98%D7%95%D7%A4%D7%95%20%D7%A7%D7%A9%D7%94,HTTPError: HTTP Error 404: Not Found
f-usda-soy-002,טופו רך,מוצרים צמחיים,100 גרם,55,5,2,3,0,error,,,,,,,https://www.foodsdictionary.co.il/Products/1/%D7%98%D7%95%D7%A4%D7%95%20%D7%A8%D7%9A,HTTPError: HTTP Error 404: Not Found
f-usda-soy-003,טמפה,מוצרים צמחיים,100 גרם,193,19,8,11,5,error,,,,,,,https://www.foodsdictionary.co.il/Products/1/%D7%98%D7%9E%D7%A4%D7%94,HTTPError: HTTP Error 404: Not Found
f-usda-soy-004,אדמה קפוא,מוצרים צמחיים,חצי כוס (78 גרם),94,9,7,4,4,error,,,,,,,https://www.foodsdictionary.co.il/Products/1/%D7%90%D7%93%D7%9E%D7%94%20%D7%A7%D7%A4%D7%95%D7%90,HTTPError: HTTP Error 404: Not Found
f-usda-soy-005,יוגורט סויה,מוצרים צמחיים,170 גרם,130,6,16,4,1,error,,,,,,,https://www.foodsdictionary.co.il/Products/1/%D7%99%D7%95%D7%92%D7%95%D7%A8%D7%98%20%D7%A1%D7%95%D7%99%D7%94,HTTPError: HTTP Error 404: Not Found
f-usda-soy-006,המבורגר צמחי,מוצרים צמחיים,113 גרם,230,20,9,13,3,error,,,,,,,https://www.foodsdictionary.co.il/Products/1/%D7%94%D7%9E%D7%91%D7%95%D7%A8%D7%92%D7%A8%20%D7%A6%D7%9E%D7%97%D7%99,HTTPError: HTTP Error 404: Not Found
f-usda-soy-007,נקניקיית סויה,מוצרים צמחיים,2 נקניקיות (76 גרם),160,15,7,8,2,error,,,,,,,https://www.foodsdictionary.co.il/Products/1/%D7%A0%D7%A7%D7%A0%D7%99%D7%A7%D7%99%D7%99%D7%AA%20%D7%A1%D7%95%D7%99%D7%94,HTTPError: HTTP Error 404: Not Found
f-usda-soy-008,חלב סויה,מוצרים צמחיים,כוס (240 מ״ל),80,7,4,4,0,error,,,,,,,https://www.foodsdictionary.co.il/Products/1/%D7%97%D7%9C%D7%91%20%D7%A1%D7%95%D7%99%D7%94,HTTPError: HTTP Error 404: Not Found
f-usda-soy-009,גבינת טופו,מוצרים צמחיים,2 כפות (30 גרם),50,2,2,4,0,error,,,,,,,https://www.foodsdictionary.co.il/Products/1/%D7%92%D7%91%D7%99%D7%A0%D7%AA%20%D7%98%D7%95%D7%A4%D7%95,HTTPError: HTTP Error 404: Not Found
f-usda-soy-010,פרוטאין אפונה,מוצרים צמחיים,גביע (240 מ״ל),130,20,5,3,1,error,,,,,,,https://www.foodsdictionary.co.il/Products/1/%D7%A4%D7%A8%D7%95%D7%98%D7%90%D7%99%D7%9F%20%D7%90%D7%A4%D7%95%D7%A0%D7%94,HTTPError: HTTP Error 404: Not Found
f-usda-snack-001,צ׳יפס תפו״א קלאסי,חטיפים,28 גרם (15 שבבים),153,2,15,10,1,error,,,,,,,https://www.foodsdictionary.co.il/Products/1/%D7%A6%D7%B3%D7%99%D7%A4%D7%A1%20%D7%AA%D7%A4%D7%95%D7%B4%D7%90%20%D7%A7%D7%9C%D7%90%D7%A1%D7%99,HTTPError: HTTP Error 404: Not Found
f-usda-snack-002,דורים טורטייה,חטיפים,28 גרם (11 שבבים),138,2,19,7,1,error,,,,,,,https://www.foodsdictionary.co.il/Products/1/%D7%93%D7%95%D7%A8%D7%99%D7%9D%20%D7%98%D7%95%D7%A8%D7%98%D7%99%D7%99%D7%94,HTTPError: HTTP Error 404: Not Found
f-usda-snack-003,צ׳יפס תפו״א מלח ים,חטיפים,28 גרם,150,2,15,10,1,error,,,,,,,https://www.foodsdictionary.co.il/Products/1/%D7%A6%D7%B3%D7%99%D7%A4%D7%A1%20%D7%AA%D7%A4%D7%95%D7%B4%D7%90%20%D7%9E%D7%9C%D7%97%20%D7%99%D7%9D,HTTPError: HTTP Error 404: Not Found
f-usda-snack-004,פופקורן חמאה,חטיפים,3 כוסות מוכן (30 גרם),161,2,19,9,3,error,,,,,,,https://www.foodsdictionary.co.il/Products/1/%D7%A4%D7%95%D7%A4%D7%A7%D7%95%D7%A8%D7%9F%20%D7%97%D7%9E%D7%90%D7%94,HTTPError: HTTP Error 404: Not Found
f-usda-snack-005,פופקורן אוויר,חטיפים,3 כוסות (24 גרם),93,3,19,1,4,error,,,,,,,https://www.foodsdictionary.co.il/Products/1/%D7%A4%D7%95%D7%A4%D7%A7%D7%95%D7%A8%D7%9F%20%D7%90%D7%95%D7%95%D7%99%D7%A8,HTTPError: HTTP Error 404: Not Found
f-usda-snack-006,אורז מתופח,חטיפים,2 דיסקיות (18 גרם),70,1,15,0,0,error,,,,,,,https://www.foodsdictionary.co.il/Products/1/%D7%90%D7%95%D7%A8%D7%96%20%D7%9E%D7%AA%D7%95%D7%A4%D7%97,HTTPError: HTTP Error 404: Not Found
f-usda-snack-007,פרצלים מלוחים,חטיפים,28 גרם,109,3,23,1,1,error,,,,,,,https://www.foodsdictionary.co.il/Products/1/%D7%A4%D7%A8%D7%A6%D7%9C%D7%99%D7%9D%20%D7%9E%D7%9C%D7%95%D7%97%D7%99%D7%9D,HTTPError: HTTP Error 404: Not Found
f-usda-snack-008,גרנולה בר,חטיפים,בר (40 גרם),190,4,29,7,2,error,,,,,,,https://www.foodsdictionary.co.il/Products/1/%D7%92%D7%A8%D7%A0%D7%95%D7%9C%D7%94%20%D7%91%D7%A8,HTTPError: HTTP Error 404: Not Found
f-usda-snack-009,בר חלבון,חטיפים,בר (68 גרם),260,20,28,7,2,error,,,,,,,https://www.foodsdictionary.co.il/Products/1/%D7%91%D7%A8%20%D7%97%D7%9C%D7%91%D7%95%D7%9F,HTTPError: HTTP Error 404: Not Found
f-usda-snack-010,עוגיות שיבולת שועל,חטיפים,2 עוגיות (52 גרם),234,3,34,10,2,error,,,,,,,https://www.foodsdictionary.co.il/Products/1/%D7%A2%D7%95%D7%92%D7%99%D7%95%D7%AA%20%D7%A9%D7%99%D7%91%D7%95%D7%9C%D7%AA%20%D7%A9%D7%95%D7%A2%D7%9C,HTTPError: HTTP Error 404: Not Found
f-usda-snack-011,קרקרים ריץ׳,חטיפים,5 קרקרים (16 גרם),79,1,10,4,0,error,,,,,,,https://www.foodsdictionary.co.il/Products/1/%D7%A7%D7%A8%D7%A7%D7%A8%D7%99%D7%9D%20%D7%A8%D7%99%D7%A5%D7%B3,HTTPError: HTTP Error 404: Not Found
f-usda-snack-012,טורטייה שבבים נאצ׳וס,חטיפים,28 גרם,140,2,19,6,1,error,,,,,,,https://www.foodsdictionary.co.il/Products/1/%D7%98%D7%95%D7%A8%D7%98%D7%99%D7%99%D7%94%20%D7%A9%D7%91%D7%91%D7%99%D7%9D%20%D7%A0%D7%90%D7%A6%D7%B3%D7%95%D7%A1,HTTPError: HTTP Error 404: Not Found
f-usda-snack-013,חטיף בר אנרגיה,חטיפים,בר (45 גרם),200,8,29,6,3,error,,,,,,,https://www.foodsdictionary.co.il/Products/1/%D7%97%D7%98%D7%99%D7%A3%20%D7%91%D7%A8%20%D7%90%D7%A0%D7%A8%D7%92%D7%99%D7%94,HTTPError: HTTP Error 404: Not Found
f-usda-snack-014,שבבי תפו״א אפוי,חטיפים,28 גרם,110,2,22,2,2,error,,,,,,,https://www.foodsdictionary.co.il/Products/1/%D7%A9%D7%91%D7%91%D7%99%20%D7%AA%D7%A4%D7%95%D7%B4%D7%90%20%D7%90%D7%A4%D7%95%D7%99,HTTPError: HTTP Error 404: Not Found
f-usda-snack-015,חמוציות מיובשות,חטיפים,רבע כוס (30 גרם),92,0,25,0,1,error,,,,,,,https://www.foodsdictionary.co.il/Products/1/%D7%97%D7%9E%D7%95%D7%A6%D7%99%D7%95%D7%AA%20%D7%9E%D7%99%D7%95%D7%91%D7%A9%D7%95%D7%AA,HTTPError: HTTP Error 404: Not Found
f-usda-ice-001,גלידת סנדוויץ׳,ממתקים וקינוחים,סנדוויץ׳ (65 גרם),190,3,31,6,1,error,,,,,,,https://www.foodsdictionary.co.il/Products/1/%D7%92%D7%9C%D7%99%D7%93%D7%AA%20%D7%A1%D7%A0%D7%93%D7%95%D7%95%D7%99%D7%A5%D7%B3,HTTPError: HTTP Error 404: Not Found
f-usda-ice-002,גלידת וניל,ממתקים וקינוחים,גביע (70 גרם),145,2,19,7,0,values,גלידת וניל,207.0,3.5,23.6,11.0,0.7,https://www.foodsdictionary.co.il/Products/1/%D7%92%D7%9C%D7%99%D7%93%D7%AA%20%D7%95%D7%A0%D7%99%D7%9C,
f-usda-ice-003,גלידת שוקולד,ממתקים וקינוחים,גביע (70 גרם),153,3,21,7,1,values,גלידת שוקולד,216.0,3.8,28.2,11.0,1.2,https://www.foodsdictionary.co.il/Products/1/%D7%92%D7%9C%D7%99%D7%93%D7%AA%20%D7%A9%D7%95%D7%A7%D7%95%D7%9C%D7%93,
f-usda-ice-004,גלידת תות,ממתקים וקינוחים,גביע (70 גרם),140,2,20,6,0,values,גלידת תות,192.0,3.2,27.6,8.4,0.9,https://www.foodsdictionary.co.il/Products/1/%D7%92%D7%9C%D7%99%D7%93%D7%AA%20%D7%AA%D7%95%D7%AA,
f-usda-ice-005,פרוזן יוגורט,ממתקים וקינוחים,100 גרם,127,3,23,3,0,error,,,,,,,https://www.foodsdictionary.co.il/Products/1/%D7%A4%D7%A8%D7%95%D7%96%D7%9F%20%D7%99%D7%95%D7%92%D7%95%D7%A8%D7%98,HTTPError: HTTP Error 404: Not Found
f-usda-ice-006,שרבט תות,ממתקים וקינוחים,100 גרם,120,0,30,0,1,error,,,,,,,https://www.foodsdictionary.co.il/Products/1/%D7%A9%D7%A8%D7%91%D7%98%20%D7%AA%D7%95%D7%AA,HTTPError: HTTP Error 404: Not Found
f-usda-ice-007,ארטיק מיץ,ממתקים וקינוחים,ארטיק (80 גרם),43,0,11,0,0,error,,,,,,,https://www.foodsdictionary.co.il/Products/1/%D7%90%D7%A8%D7%98%D7%99%D7%A7%20%D7%9E%D7%99%D7%A5,HTTPError: HTTP Error 404: Not Found
f-usda-ice-008,גלידת פיסטוק,ממתקים וקינוחים,גביע (70 גרם),155,3,18,8,0,error,,,,,,,https://www.foodsdictionary.co.il/Products/1/%D7%92%D7%9C%D7%99%D7%93%D7%AA%20%D7%A4%D7%99%D7%A1%D7%98%D7%95%D7%A7,HTTPError: HTTP Error 404: Not Found
f-usda-ice-009,גלידת מנגו טבעוני,ממתקים וקינוחים,100 גרם,145,1,26,5,1,error,,,,,,,https://www.foodsdictionary.co.il/Products/1/%D7%92%D7%9C%D7%99%D7%93%D7%AA%20%D7%9E%D7%A0%D7%92%D7%95%20%D7%98%D7%91%D7%A2%D7%95%D7%A0%D7%99,HTTPError: HTTP Error 404: Not Found
f-usda-ice-010,מגנום שוקולד,ממתקים וקינוחים,אחד (88 גרם),260,3,25,16,1,error,,,,,,,https://www.foodsdictionary.co.il/Products/1/%D7%9E%D7%92%D7%A0%D7%95%D7%9D%20%D7%A9%D7%95%D7%A7%D7%95%D7%9C%D7%93,HTTPError: HTTP Error 404: Not Found
f-usda-sweet-001,שוקולד מריר 70%,ממתקים וקינוחים,28 גרם (2 קוביות),167,2,14,12,3,error,,,,,,,https://www.foodsdictionary.co.il/Products/1/%D7%A9%D7%95%D7%A7%D7%95%D7%9C%D7%93%20%D7%9E%D7%A8%D7%99%D7%A8%2070%25,HTTPError: HTTP Error 404: Not Found
f-usda-sweet-002,שוקולד חלב,ממתקים וקינוחים,28 גרם,153,2,17,9,1,error,,,,,,,https://www.foodsdictionary.co.il/Products/1/%D7%A9%D7%95%D7%A7%D7%95%D7%9C%D7%93%20%D7%97%D7%9C%D7%91,HTTPError: HTTP Error 404: Not Found
f-usda-sweet-003,ממתק מ&מ׳ס,ממתקים וקינוחים,32 גרם (1 חפיסה),160,2,23,7,1,error,,,,,,,https://www.foodsdictionary.co.il/Products/1/%D7%9E%D7%9E%D7%AA%D7%A7%20%D7%9E%26%D7%9E%D7%B3%D7%A1,HTTPError: HTTP Error 404: Not Found
f-usda-sweet-004,ממתק ריסס,ממתקים וקינוחים,2 גביעים (42 גרם),218,4,23,13,1,error,,,,,,,https://www.foodsdictionary.co.il/Products/1/%D7%9E%D7%9E%D7%AA%D7%A7%20%D7%A8%D7%99%D7%A1%D7%A1,HTTPError: HTTP Error 404: Not Found
f-usda-sweet-005,ממתק סניקרס,ממתקים וקינוחים,57 גרם,280,4,37,14,1,error,,,,,,,https://www.foodsdictionary.co.il/Products/1/%D7%9E%D7%9E%D7%AA%D7%A7%20%D7%A1%D7%A0%D7%99%D7%A7%D7%A8%D7%A1,HTTPError: HTTP Error 404: Not Found
f-usda-sweet-006,ממתק קיט קאט,ממתקים וקינוחים,45 גרם (4 יחידות),218,3,28,11,1,error,,,,,,,https://www.foodsdictionary.co.il/Products/1/%D7%9E%D7%9E%D7%AA%D7%A7%20%D7%A7%D7%99%D7%98%20%D7%A7%D7%90%D7%98,HTTPError: HTTP Error 404: Not Found
f-usda-sweet-007,מרשמלוס,ממתקים וקינוחים,4 גדולים (28 גרם),91,1,23,0,0,error,,,,,,,https://www.foodsdictionary.co.il/Products/1/%D7%9E%D7%A8%D7%A9%D7%9E%D7%9C%D7%95%D7%A1,HTTPError: HTTP Error 404: Not Found
f-usda-sweet-008,בראוני שוקולד,ממתקים וקינוחים,חתיכה (56 גרם),243,3,35,11,2,error,,,,,,,https://www.foodsdictionary.co.il/Products/1/%D7%91%D7%A8%D7%90%D7%95%D7%A0%D7%99%20%D7%A9%D7%95%D7%A7%D7%95%D7%9C%D7%93,HTTPError: HTTP Error 404: Not Found
f-usda-sweet-009,עוגיית שוקולד צ׳יפ,ממתקים וקינוחים,עוגייה גדולה (40 גרם),193,2,26,9,1,error,,,,,,,https://www.foodsdictionary.co.il/Products/1/%D7%A2%D7%95%D7%92%D7%99%D7%99%D7%AA%20%D7%A9%D7%95%D7%A7%D7%95%D7%9C%D7%93%20%D7%A6%D7%B3%D7%99%D7%A4,HTTPError: HTTP Error 404: Not Found
f-usda-sweet-010,עוגיית אוריאו,ממתקים וקינוחים,3 עוגיות (34 גרם),160,2,25,7,1,error,,,,,,,https://www.foodsdictionary.co.il/Products/1/%D7%A2%D7%95%D7%92%D7%99%D7%99%D7%AA%20%D7%90%D7%95%D7%A8%D7%99%D7%90%D7%95,HTTPError: HTTP Error 404: Not Found
f-usda-sweet-011,עוגת גבינה,ממתקים וקינוחים,פרוסה (125 גרם),403,7,33,28,1,error,,,,,,,https://www.foodsdictionary.co.il/Products/1/%D7%A2%D7%95%D7%92%D7%AA%20%D7%92%D7%91%D7%99%D7%A0%D7%94,HTTPError: HTTP Error 404: Not Found
f-usda-sweet-012,עוגת שוקולד,ממתקים וקינוחים,פרוסה (100 גרם),370,4,53,17,2,error,,,,,,,https://www.foodsdictionary.co.il/Products/1/%D7%A2%D7%95%D7%92%D7%AA%20%D7%A9%D7%95%D7%A7%D7%95%D7%9C%D7%93,HTTPError: HTTP Error 404: Not Found
f-usda-sweet-013,מאפין שוקולד,ממתקים וקינוחים,מאפין (113 גרם),424,6,55,21,2,error,,,,,,,https://www.foodsdictionary.co.il/Products/1/%D7%9E%D7%90%D7%A4%D7%99%D7%9F%20%D7%A9%D7%95%D7%A7%D7%95%D7%9C%D7%93,HTTPError: HTTP Error 404: Not Found
f-usda-sweet-014,ג׳לי,ממתקים וקינוחים,חצי כוס (140 גרם),80,2,19,0,0,values,ג`לי,266.0,0.15,69.95,0.02,1.0,https://www.foodsdictionary.co.il/Products/1/%D7%92%D7%B3%D7%9C%D7%99,
f-usda-sweet-015,פודינג שוקולד,ממתקים וקינוחים,חצי כוס (142 גרם),155,4,26,4,1,error,,,,,,,https://www.foodsdictionary.co.il/Products/1/%D7%A4%D7%95%D7%93%D7%99%D7%A0%D7%92%20%D7%A9%D7%95%D7%A7%D7%95%D7%9C%D7%93,HTTPError: HTTP Error 404: Not Found
f-usda-bev-001,קפה שחור,משקאות,כוס (240 מ״ל),2,0,0,0,0,error,,,,,,,https://www.foodsdictionary.co.il/Products/1/%D7%A7%D7%A4%D7%94%20%D7%A9%D7%97%D7%95%D7%A8,HTTPError: HTTP Error 404: Not Found
f-usda-bev-002,אמריקנו,משקאות,כוס (240 מ״ל),15,0,2,0,0,error,,,,,,,https://www.foodsdictionary.co.il/Products/1/%D7%90%D7%9E%D7%A8%D7%99%D7%A7%D7%A0%D7%95,HTTPError: HTTP Error 404: Not Found
f-usda-bev-003,לאטה רגיל,משקאות,כוס גדולה (360 מ״ל),190,12,19,7,0,error,,,,,,,https://www.foodsdictionary.co.il/Products/1/%D7%9C%D7%90%D7%98%D7%94%20%D7%A8%D7%92%D7%99%D7%9C,HTTPError: HTTP Error 404: Not Found
f-usda-bev-004,לאטה רזה,משקאות,כוס גדולה (360 מ״ל),130,13,19,0,0,error,,,,,,,https://www.foodsdictionary.co.il/Products/1/%D7%9C%D7%90%D7%98%D7%94%20%D7%A8%D7%96%D7%94,HTTPError: HTTP Error 404: Not Found
f-usda-bev-005,קפוצ׳ינו,משקאות,כוס (240 מ״ל),80,5,8,3,0,error,,,,,,,https://www.foodsdictionary.co.il/Products/1/%D7%A7%D7%A4%D7%95%D7%A6%D7%B3%D7%99%D7%A0%D7%95,HTTPError: HTTP Error 404: Not Found
f-usda-bev-006,קרם ברולה לאטה,משקאות,כוס גדולה (360 מ״ל),250,12,37,6,0,error,,,,,,,https://www.foodsdictionary.co.il/Products/1/%D7%A7%D7%A8%D7%9D%20%D7%91%D7%A8%D7%95%D7%9C%D7%94%20%D7%9C%D7%90%D7%98%D7%94,HTTPError: HTTP Error 404: Not Found
f-usda-bev-007,קולה,משקאות,פחית (355 מ״ל),140,0,39,0,0,error,,,,,,,https://www.foodsdictionary.co.il/Products/1/%D7%A7%D7%95%D7%9C%D7%94,HTTPError: HTTP Error 404: Not Found
f-usda-bev-008,קולה דיאט,משקאות,פחית (355 מ״ל),0,0,0,0,0,error,,,,,,,https://www.foodsdictionary.co.il/Products/1/%D7%A7%D7%95%D7%9C%D7%94%20%D7%93%D7%99%D7%90%D7%98,HTTPError: HTTP Error 404: Not Found
f-usda-bev-009,ספרייט,משקאות,פחית (355 מ״ל),140,0,38,0,0,error,,,,,,,https://www.foodsdictionary.co.il/Products/1/%D7%A1%D7%A4%D7%A8%D7%99%D7%99%D7%98,HTTPError: HTTP Error 404: Not Found
f-usda-bev-010,מיץ תפוחים,משקאות,כוס (240 מ״ל),114,0,28,0,0,error,,,,,,,https://www.foodsdictionary.co.il/Products/1/%D7%9E%D7%99%D7%A5%20%D7%AA%D7%A4%D7%95%D7%97%D7%99%D7%9D,HTTPError: HTTP Error 404: Not Found
f-usda-bev-011,מיץ תפוזים,משקאות,כוס (240 מ״ל),112,2,26,0,0,values,מיץ תפוזים,45.0,0.7,10.4,0.2,0.2,https://www.foodsdictionary.co.il/Products/1/%D7%9E%D7%99%D7%A5%20%D7%AA%D7%A4%D7%95%D7%96%D7%99%D7%9D,
f-usda-bev-012,מיץ גזר,משקאות,כוס (240 מ״ל),94,2,22,0,2,error,,,,,,,https://www.foodsdictionary.co.il/Products/1/%D7%9E%D7%99%D7%A5%20%D7%92%D7%96%D7%A8,HTTPError: HTTP Error 404: Not Found
f-usda-bev-013,חלב שוקולד,משקאות,כוס (240 מ״ל),208,8,32,5,1,error,,,,,,,https://www.foodsdictionary.co.il/Products/1/%D7%97%D7%9C%D7%91%20%D7%A9%D7%95%D7%A7%D7%95%D7%9C%D7%93,HTTPError: HTTP Error 404: Not Found
f-usda-bev-014,חלב שוקולד דל שומן,משקאות,כוס (240 מ״ל),158,8,26,3,1,error,,,,,,,https://www.foodsdictionary.co.il/Products/1/%D7%97%D7%9C%D7%91%20%D7%A9%D7%95%D7%A7%D7%95%D7%9C%D7%93%20%D7%93%D7%9C%20%D7%A9%D7%95%D7%9E%D7%9F,HTTPError: HTTP Error 404: Not Found
f-usda-bev-015,תה ירוק,משקאות,כוס (240 מ״ל),2,0,0,0,0,error,,,,,,,https://www.foodsdictionary.co.il/Products/1/%D7%AA%D7%94%20%D7%99%D7%A8%D7%95%D7%A7,HTTPError: HTTP Error 404: Not Found
f-usda-bev-016,תה שחור,משקאות,כוס (240 מ״ל),2,0,0,0,0,error,,,,,,,https://www.foodsdictionary.co.il/Products/1/%D7%AA%D7%94%20%D7%A9%D7%97%D7%95%D7%A8,HTTPError: HTTP Error 404: Not Found
f-usda-bev-017,תה קמומיל,משקאות,כוס (240 מ״ל),2,0,0,0,0,error,,,,,,,https://www.foodsdictionary.co.il/Products/1/%D7%AA%D7%94%20%D7%A7%D7%9E%D7%95%D7%9E%D7%99%D7%9C,HTTPError: HTTP Error 404: Not Found
f-usda-bev-018,מיץ ענבים,משקאות,כוס (240 מ״ל),152,1,37,0,0,error,,,,,,,https://www.foodsdictionary.co.il/Products/1/%D7%9E%D7%99%D7%A5%20%D7%A2%D7%A0%D7%91%D7%99%D7%9D,HTTPError: HTTP Error 404: Not Found
f-usda-bev-019,שייק בננה,משקאות,כוס (300 מ״ל),270,8,44,7,1,error,,,,,,,https://www.foodsdictionary.co.il/Products/1/%D7%A9%D7%99%D7%99%D7%A7%20%D7%91%D7%A0%D7%A0%D7%94,HTTPError: HTTP Error 404: Not Found
f-usda-bev-020,מי ברז רגילים,משקאות,כוס (240 מ״ל),0,0,0,0,0,error,,,,,,,https://www.foodsdictionary.co.il/Products/1/%D7%9E%D7%99%20%D7%91%D7%A8%D7%96%20%D7%A8%D7%92%D7%99%D7%9C%D7%99%D7%9D,HTTPError: HTTP Error 404: Not Found
f-usda-sauce-002,מיונז רגיל,רטבים,כף (14 גרם),94,0,0,10,0,error,,,,,,,https://www.foodsdictionary.co.il/Products/1/%D7%9E%D7%99%D7%95%D7%A0%D7%96%20%D7%A8%D7%92%D7%99%D7%9C,HTTPError: HTTP Error 404: Not Found
f-usda-sauce-004,רוטב ברביקיו,רטבים,2 כפות (36 גרם),58,0,14,0,0,values,רוטב ברביקיו,150.0,0.0,36.25,0.29,0.6,https://www.foodsdictionary.co.il/Products/1/%D7%A8%D7%95%D7%98%D7%91%20%D7%91%D7%A8%D7%91%D7%99%D7%A7%D7%99%D7%95,
f-usda-sauce-006,סוג מתוק לאנה,רטבים,2 כפות (32 גרם),60,0,15,0,0,error,,,,,,,https://www.foodsdictionary.co.il/Products/1/%D7%A1%D7%95%D7%92%20%D7%9E%D7%AA%D7%95%D7%A7%20%D7%9C%D7%90%D7%A0%D7%94,HTTPError: HTTP Error 404: Not Found
f-usda-sauce-007,פסטו,רטבים,2 כפות (30 גרם),120,2,3,12,1,error,,,,,,,https://www.foodsdictionary.co.il/Products/1/%D7%A4%D7%A1%D7%98%D7%95,HTTPError: HTTP Error 404: Not Found
f-usda-sauce-009,חרדל דיז׳ון,רטבים,כפית (5 גרם),5,0,0,0,0,error,,,,,,,https://www.foodsdictionary.co.il/Products/1/%D7%97%D7%A8%D7%93%D7%9C%20%D7%93%D7%99%D7%96%D7%B3%D7%95%D7%9F,HTTPError: HTTP Error 404: Not Found
f-usda-sauce-010,רוטב יוגורט,רטבים,2 כפות (30 גרם),35,2,2,2,0,error,,,,,,,https://www.foodsdictionary.co.il/Products/1/%D7%A8%D7%95%D7%98%D7%91%20%D7%99%D7%95%D7%92%D7%95%D7%A8%D7%98,HTTPError: HTTP Error 404: Not Found
f-usda-sauce-011,חמאה,שמנים,כף (14 גרם),102,0,0,12,0,page-no-values,חמאה,717.0,0.85,0.06,81.11,,https://www.foodsdictionary.co.il/Products/1/%D7%97%D7%9E%D7%90%D7%94,
f-usda-sauce-012,חמאה מלוחה,שמנים,כף (14 גרם),102,0,0,12,0,page-no-values,חמאה מלוחה,717.0,0.85,0.06,81.11,,https://www.foodsdictionary.co.il/Products/1/%D7%97%D7%9E%D7%90%D7%94%20%D7%9E%D7%9C%D7%95%D7%97%D7%94,
f-usda-sauce-013,מרגרינה,שמנים,כף (14 גרם),101,0,0,11,0,error,,,,,,,https://www.foodsdictionary.co.il/Products/1/%D7%9E%D7%A8%D7%92%D7%A8%D7%99%D7%A0%D7%94,HTTPError: HTTP Error 404: Not Found
f-usda-sauce-014,רוטב חריף,רטבים,כפית (5 גרם),5,0,1,0,0,error,,,,,,,https://www.foodsdictionary.co.il/Products/1/%D7%A8%D7%95%D7%98%D7%91%20%D7%97%D7%A8%D7%99%D7%A3,HTTPError: HTTP Error 404: Not Found
f-usda-sauce-015,וויסטרשייר,רטבים,כף (17 גרם),13,0,3,0,0,error,,,,,,,https://www.foodsdictionary.co.il/Products/1/%D7%95%D7%95%D7%99%D7%A1%D7%98%D7%A8%D7%A9%D7%99%D7%99%D7%A8,HTTPError: HTTP Error 404: Not Found
f-usda-fast-001,המבורגר כפול בייקון,אוכל מהיר,המבורגר (220 גרם),590,34,41,32,2,error,,,,,,,https://www.foodsdictionary.co.il/Products/1/%D7%94%D7%9E%D7%91%D7%95%D7%A8%D7%92%D7%A8%20%D7%9B%D7%A4%D7%95%D7%9C%20%D7%91%D7%99%D7%99%D7%A7%D7%95%D7%9F,HTTPError: HTTP Error 404: Not Found
f-usda-fast-002,פיצה מרגריטה,אוכל מהיר,פרוסה (107 גרם),272,12,34,10,2,error,,,,,,,https://www.foodsdictionary.co.il/Products/1/%D7%A4%D7%99%D7%A6%D7%94%20%D7%9E%D7%A8%D7%92%D7%A8%D7%99%D7%98%D7%94,HTTPError: HTTP Error 404: Not Found
f-usda-fast-003,פיצה פפרוני,אוכל מהיר,פרוסה (113 גרם),313,14,34,13,2,error,,,,,,,https://www.foodsdictionary.co.il/Products/1/%D7%A4%D7%99%D7%A6%D7%94%20%D7%A4%D7%A4%D7%A8%D7%95%D7%A0%D7%99,HTTPError: HTTP Error 404: Not Found
f-usda-fast-004,ביג מק,אוכל מהיר,המבורגר (215 גרם),550,25,45,30,3,error,,,,,,,https://www.foodsdictionary.co.il/Products/1/%D7%91%D7%99%D7%92%20%D7%9E%D7%A7,HTTPError: HTTP Error 404: Not Found
f-usda-fast-005,צ׳יפס מקדונלד׳ס גדול,אוכל מהיר,מנה (154 גרם),490,7,66,23,6,error,,,,,,,https://www.foodsdictionary.co.il/Products/1/%D7%A6%D7%B3%D7%99%D7%A4%D7%A1%20%D7%9E%D7%A7%D7%93%D7%95%D7%A0%D7%9C%D7%93%D7%B3%D7%A1%20%D7%92%D7%93%D7%95%D7%9C,HTTPError: HTTP Error 404: Not Found
f-usda-fast-006,צ׳יפס בינוני,אוכל מהיר,מנה (113 גרם),365,4,48,17,4,error,,,,,,,https://www.foodsdictionary.co.il/Products/1/%D7%A6%D7%B3%D7%99%D7%A4%D7%A1%20%D7%91%D7%99%D7%A0%D7%95%D7%A0%D7%99,HTTPError: HTTP Error 404: Not Found
f-usda-fast-007,צ׳יקן מק׳נגטס,אוכל מהיר,6 יחידות (98 גרם),250,15,15,15,0,error,,,,,,,https://www.foodsdictionary.co.il/Products/1/%D7%A6%D7%B3%D7%99%D7%A7%D7%9F%20%D7%9E%D7%A7%D7%B3%D7%A0%D7%92%D7%98%D7%A1,HTTPError: HTTP Error 404: Not Found
f-usda-fast-008,בוריטו תרנגול,אוכל מהיר,בוריטו (300 גרם),568,32,65,19,6,error,,,,,,,https://www.foodsdictionary.co.il/Products/1/%D7%91%D7%95%D7%A8%D7%99%D7%98%D7%95%20%D7%AA%D7%A8%D7%A0%D7%92%D7%95%D7%9C,HTTPError: HTTP Error 404: Not Found
f-usda-fast-009,טאקו עוף,אוכל מהיר,טאקו (170 גרם),340,22,30,14,3,error,,,,,,,https://www.foodsdictionary.co.il/Products/1/%D7%98%D7%90%D7%A7%D7%95%20%D7%A2%D7%95%D7%A3,HTTPError: HTTP Error 404: Not Found
f-usda-fast-010,כריך BLT,אוכל מהיר,כריך (145 גרם),340,14,28,19,2,error,,,,,,,https://www.foodsdictionary.co.il/Products/1/%D7%9B%D7%A8%D7%99%D7%9A%20BLT,HTTPError: HTTP Error 404: Not Found
f-usda-fast-011,כריך קלאב,אוכל מהיר,כריך (250 גרם),543,34,43,25,3,error,,,,,,,https://www.foodsdictionary.co.il/Products/1/%D7%9B%D7%A8%D7%99%D7%9A%20%D7%A7%D7%9C%D7%90%D7%91,HTTPError: HTTP Error 404: Not Found
f-usda-fast-012,פה פיצה מלאה,אוכל מהיר,קלצונה (300 גרם),783,37,85,31,5,error,,,,,,,https://www.foodsdictionary.co.il/Products/1/%D7%A4%D7%94%20%D7%A4%D7%99%D7%A6%D7%94%20%D7%9E%D7%9C%D7%90%D7%94,HTTPError: HTTP Error 404: Not Found
f-usda-fast-013,נאגטס עוף קפוא,אוכל מהיר,6 יחידות (86 גרם),200,13,14,10,0,error,,,,,,,https://www.foodsdictionary.co.il/Products/1/%D7%A0%D7%90%D7%92%D7%98%D7%A1%20%D7%A2%D7%95%D7%A3%20%D7%A7%D7%A4%D7%95%D7%90,HTTPError: HTTP Error 404: Not Found
f-usda-fast-014,פלאפל בפיתה,אוכל מהיר,פיתה (250 גרם),490,19,62,19,9,error,,,,,,,https://www.foodsdictionary.co.il/Products/1/%D7%A4%D7%9C%D7%90%D7%A4%D7%9C%20%D7%91%D7%A4%D7%99%D7%AA%D7%94,HTTPError: HTTP Error 404: Not Found
f-usda-fast-015,שווארמה עוף בפיתה,אוכל מהיר,פיתה (280 גרם),520,40,50,16,4,error,,,,,,,https://www.foodsdictionary.co.il/Products/1/%D7%A9%D7%95%D7%95%D7%90%D7%A8%D7%9E%D7%94%20%D7%A2%D7%95%D7%A3%20%D7%91%D7%A4%D7%99%D7%AA%D7%94,HTTPError: HTTP Error 404: Not Found
f-usda-fast-016,בורגר צמחוני,אוכל מהיר,המבורגר (150 גרם),350,20,38,13,5,error,,,,,,,https://www.foodsdictionary.co.il/Products/1/%D7%91%D7%95%D7%A8%D7%92%D7%A8%20%D7%A6%D7%9E%D7%97%D7%95%D7%A0%D7%99,HTTPError: HTTP Error 404: Not Found
f-usda-fast-017,פשטידת קינואה,אוכל מהיר,מנה (300 גרם),420,18,60,12,8,error,,,,,,,https://www.foodsdictionary.co.il/Products/1/%D7%A4%D7%A9%D7%98%D7%99%D7%93%D7%AA%20%D7%A7%D7%99%D7%A0%D7%95%D7%90%D7%94,HTTPError: HTTP Error 404: Not Found
f-usda-fast-018,סלט קיסר עם עוף,אוכל מהיר,מנה (300 גרם),430,33,18,26,3,error,,,,,,,https://www.foodsdictionary.co.il/Products/1/%D7%A1%D7%9C%D7%98%20%D7%A7%D7%99%D7%A1%D7%A8%20%D7%A2%D7%9D%20%D7%A2%D7%95%D7%A3,HTTPError: HTTP Error 404: Not Found
f-usda-fast-019,ספגטי בולונז,אוכל מהיר,מנה (320 גרם),490,28,62,14,5,error,,,,,,,https://www.foodsdictionary.co.il/Products/1/%D7%A1%D7%A4%D7%92%D7%98%D7%99%20%D7%91%D7%95%D7%9C%D7%95%D7%A0%D7%96,HTTPError: HTTP Error 404: Not Found
f-usda-fast-020,תוספת אורז,אוכל מהיר,מנה (185 גרם),240,4,52,0,1,error,,,,,,,https://www.foodsdictionary.co.il/Products/1/%D7%AA%D7%95%D7%A1%D7%A4%D7%AA%20%D7%90%D7%95%D7%A8%D7%96,HTTPError: HTTP Error 404: Not Found
f-usda-ready-001,מרק עדשים,ארוחות מוכנות,קערה (245 גרם),199,14,34,2,12,error,,,,,,,https://www.foodsdictionary.co.il/Products/1/%D7%9E%D7%A8%D7%A7%20%D7%A2%D7%93%D7%A9%D7%99%D7%9D,HTTPError: HTTP Error 404: Not Found
f-usda-ready-002,מרק עגבניות,ארוחות מוכנות,קערה (245 גרם),85,2,17,2,1,error,,,,,,,https://www.foodsdictionary.co.il/Products/1/%D7%9E%D7%A8%D7%A7%20%D7%A2%D7%92%D7%91%D7%A0%D7%99%D7%95%D7%AA,HTTPError: HTTP Error 404: Not Found
f-usda-ready-003,מרק עוף עם אטריות,ארוחות מוכנות,קערה (245 גרם),75,5,10,2,1,error,,,,,,,https://www.foodsdictionary.co.il/Products/1/%D7%9E%D7%A8%D7%A7%20%D7%A2%D7%95%D7%A3%20%D7%A2%D7%9D%20%D7%90%D7%98%D7%A8%D7%99%D7%95%D7%AA,HTTPError: HTTP Error 404: Not Found
f-usda-ready-004,מרק מינסטרונה,ארוחות מוכנות,קערה (245 גרם),81,4,12,1,3,error,,,,,,,https://www.foodsdictionary.co.il/Products/1/%D7%9E%D7%A8%D7%A7%20%D7%9E%D7%99%D7%A0%D7%A1%D7%98%D7%A8%D7%95%D7%A0%D7%94,HTTPError: HTTP Error 404: Not Found
f-usda-ready-005,צ׳ילי קון קרנה,ארוחות מוכנות,כוס (253 גרם),287,20,28,10,9,error,,,,,,,https://www.foodsdictionary.co.il/Products/1/%D7%A6%D7%B3%D7%99%D7%9C%D7%99%20%D7%A7%D7%95%D7%9F%20%D7%A7%D7%A8%D7%A0%D7%94,HTTPError: HTTP Error 404: Not Found
f-usda-ready-006,שקשוקה,ארוחות מוכנות,מנה (250 גרם),210,14,14,11,3,error,,,,,,,https://www.foodsdictionary.co.il/Products/1/%D7%A9%D7%A7%D7%A9%D7%95%D7%A7%D7%94,HTTPError: HTTP Error 404: Not Found
f-usda-ready-007,פדאי אורז,ארוחות מוכנות,כוס (175 גרם),214,4,45,2,1,error,,,,,,,https://www.foodsdictionary.co.il/Products/1/%D7%A4%D7%93%D7%90%D7%99%20%D7%90%D7%95%D7%A8%D7%96,HTTPError: HTTP Error 404: Not Found
f-usda-ready-008,קדאיף גבינה,ארוחות מוכנות,100 גרם,360,8,48,16,1,error,,,,,,,https://www.foodsdictionary.co.il/Products/1/%D7%A7%D7%93%D7%90%D7%99%D7%A3%20%D7%92%D7%91%D7%99%D7%A0%D7%94,HTTPError: HTTP Error 404: Not Found
f-usda-ready-009,קבב כבש,ארוחות מוכנות,מנה (200 גרם),446,40,12,27,2,error,,,,,,,https://www.foodsdictionary.co.il/Products/1/%D7%A7%D7%91%D7%91%20%D7%9B%D7%91%D7%A9,HTTPError: HTTP Error 404: Not Found
f-usda-ready-010,מוסקה,ארוחות מוכנות,מנה (200 גרם),280,14,16,18,3,error,,,,,,,https://www.foodsdictionary.co.il/Products/1/%D7%9E%D7%95%D7%A1%D7%A7%D7%94,HTTPError: HTTP Error 404: Not Found
f-usda-bake-001,דייסת שיבולת שועל בחלב,ארוחות בוקר,קערה (280 גרם),250,10,38,7,4,error,,,,,,,https://www.foodsdictionary.co.il/Products/1/%D7%93%D7%99%D7%99%D7%A1%D7%AA%20%D7%A9%D7%99%D7%91%D7%95%D7%9C%D7%AA%20%D7%A9%D7%95%D7%A2%D7%9C%20%D7%91%D7%97%D7%9C%D7%91,HTTPError: HTTP Error 404: Not Found
f-usda-bake-002,פרנץ׳ טוסט,ארוחות בוקר,2 פרוסות (130 גרם),290,10,35,12,1,error,,,,,,,https://www.foodsdictionary.co.il/Products/1/%D7%A4%D7%A8%D7%A0%D7%A5%D7%B3%20%D7%98%D7%95%D7%A1%D7%98,HTTPError: HTTP Error 404: Not Found
f-usda-bake-003,פנקייק,ארוחות בוקר,3 פנקייקים (105 גרם),271,8,42,8,1,values,פנקייק,194.0,5.2,36.7,2.5,1.3,https://www.foodsdictionary.co.il/Products/1/%D7%A4%D7%A0%D7%A7%D7%99%D7%99%D7%A7,
f-usda-bake-004,וופל,ארוחות בוקר,וופל (75 גרם),218,6,29,9,1,error,,,,,,,https://www.foodsdictionary.co.il/Products/1/%D7%95%D7%95%D7%A4%D7%9C,HTTPError: HTTP Error 404: Not Found
f-usda-bake-005,קינמון רול,ממתקים וקינוחים,רול (100 גרם),344,5,55,12,2,error,,,,,,,https://www.foodsdictionary.co.il/Products/1/%D7%A7%D7%99%D7%A0%D7%9E%D7%95%D7%9F%20%D7%A8%D7%95%D7%9C,HTTPError: HTTP Error 404: Not Found
f-usda-bake-006,מאפין בלוברי,ממתקים וקינוחים,מאפין (113 גרם),425,6,62,18,2,error,,,,,,,https://www.foodsdictionary.co.il/Products/1/%D7%9E%D7%90%D7%A4%D7%99%D7%9F%20%D7%91%D7%9C%D7%95%D7%91%D7%A8%D7%99,HTTPError: HTTP Error 404: Not Found
f-usda-bake-007,דונאט גלייז,ממתקים וקינוחים,דונאט (75 גרם),302,5,37,16,1,error,,,,,,,https://www.foodsdictionary.co.il/Products/1/%D7%93%D7%95%D7%A0%D7%90%D7%98%20%D7%92%D7%9C%D7%99%D7%99%D7%96,HTTPError: HTTP Error 404: Not Found
f-usda-bake-009,ריבה תות,ממרחים,כף (20 גרם),49,0,13,0,0,error,,,,,,,https://www.foodsdictionary.co.il/Products/1/%D7%A8%D7%99%D7%91%D7%94%20%D7%AA%D7%95%D7%AA,HTTPError: HTTP Error 404: Not Found
f-usda-bake-010,נוטלה,ממרחים,2 כפות (37 גרם),200,3,23,12,1,error,,,,,,,https://www.foodsdictionary.co.il/Products/1/%D7%A0%D7%95%D7%98%D7%9C%D7%94,HTTPError: HTTP Error 404: Not Found
f-usda-bake-011,ממרח שקדים,ממרחים,2 כפות (32 גרם),196,7,7,18,2,error,,,,,,,https://www.foodsdictionary.co.il/Products/1/%D7%9E%D7%9E%D7%A8%D7%97%20%D7%A9%D7%A7%D7%93%D7%99%D7%9D,HTTPError: HTTP Error 404: Not Found
f-usda-bake-013,סירופ מייפל,ממרחים,כף (20 גרם),52,0,13,0,0,page-no-values,סירופ מייפל,261.0,0.0,67.09,0.2,,https://www.foodsdictionary.co.il/Products/1/%D7%A1%D7%99%D7%A8%D7%95%D7%A4%20%D7%9E%D7%99%D7%99%D7%A4%D7%9C,
f-usda-bake-014,ממרח גבינה שמנה,ממרחים,2 כפות (29 גרם),101,2,1,10,0,error,,,,,,,https://www.foodsdictionary.co.il/Products/1/%D7%9E%D7%9E%D7%A8%D7%97%20%D7%92%D7%91%D7%99%D7%A0%D7%94%20%D7%A9%D7%9E%D7%A0%D7%94,HTTPError: HTTP Error 404: Not Found
f-usda-bake-015,גואקמולה,ממרחים,2 כפות (30 גרם),50,1,3,5,2,error,,,,,,,https://www.foodsdictionary.co.il/Products/1/%D7%92%D7%95%D7%90%D7%A7%D7%9E%D7%95%D7%9C%D7%94,HTTPError: HTTP Error 404: Not Found
f-usda-dairy-001,ריקוטה,גבינות,חצי כוס (123 גרם),214,14,4,16,0,error,,,,,,,https://www.foodsdictionary.co.il/Products/1/%D7%A8%D7%99%D7%A7%D7%95%D7%98%D7%94,HTTPError: HTTP Error 404: Not Found
f-usda-dairy-002,גבינת מסקרפונה,גבינות,2 כפות (28 גרם),120,2,1,12,0,error,,,,,,,https://www.foodsdictionary.co.il/Products/1/%D7%92%D7%91%D7%99%D7%A0%D7%AA%20%D7%9E%D7%A1%D7%A7%D7%A8%D7%A4%D7%95%D7%A0%D7%94,HTTPError: HTTP Error 404: Not Found
f-usda-dairy-003,גבינת הבלומי,גבינות,70 גרם,210,15,1,17,0,error,,,,,,,https://www.foodsdictionary.co.il/Products/1/%D7%92%D7%91%D7%99%D7%A0%D7%AA%20%D7%94%D7%91%D7%9C%D7%95%D7%9E%D7%99,HTTPError: HTTP Error 404: Not Found
f-usda-dairy-004,גבינה כחולה,גבינות,28 גרם,100,6,1,8,0,page-no-values,גבינה כחולה,353.0,21.4,2.34,28.74,,https://www.foodsdictionary.co.il/Products/1/%D7%92%D7%91%D7%99%D7%A0%D7%94%20%D7%9B%D7%97%D7%95%D7%9C%D7%94,
f-usda-dairy-005,יוגורט איסלנדי,יוגורט,150 גרם,120,17,7,0,0,error,,,,,,,https://www.foodsdictionary.co.il/Products/1/%D7%99%D7%95%D7%92%D7%95%D7%A8%D7%98%20%D7%90%D7%99%D7%A1%D7%9C%D7%A0%D7%93%D7%99,HTTPError: HTTP Error 404: Not Found
f-usda-dairy-006,יוגורט קוקוס,יוגורט,150 גרם,180,2,15,12,0,error,,,,,,,https://www.foodsdictionary.co.il/Products/1/%D7%99%D7%95%D7%92%D7%95%D7%A8%D7%98%20%D7%A7%D7%95%D7%A7%D7%95%D7%A1,HTTPError: HTTP Error 404: Not Found
f-usda-dairy-007,שמנת חמוצה דלת שומן,גבינות,2 כפות (28 גרם),28,1,2,2,0,error,,,,,,,https://www.foodsdictionary.co.il/Products/1/%D7%A9%D7%9E%D7%A0%D7%AA%20%D7%97%D7%9E%D7%95%D7%A6%D7%94%20%D7%93%D7%9C%D7%AA%20%D7%A9%D7%95%D7%9E%D7%9F,HTTPError: HTTP Error 404: Not Found
f-usda-dairy-008,גבינת קממבר,גבינות,28 גרם,85,6,0,7,0,page-no-values,גבינת קממבר,300.0,19.8,0.46,24.26,,https://www.foodsdictionary.co.il/Products/1/%D7%92%D7%91%D7%99%D7%A0%D7%AA%20%D7%A7%D7%9E%D7%9E%D7%91%D7%A8,
f-usda-dairy-009,לבן,גבינות,2 כפות (30 גרם),50,3,1,4,0,error,,,,,,,https://www.foodsdictionary.co.il/Products/1/%D7%9C%D7%91%D7%9F,HTTPError: HTTP Error 404: Not Found
f-usda-dairy-010,גבינת קרוט,גבינות,100 גרם,72,12,3,1,0,error,,,,,,,https://www.foodsdictionary.co.il/Products/1/%D7%92%D7%91%D7%99%D7%A0%D7%AA%20%D7%A7%D7%A8%D7%95%D7%98,HTTPError: HTTP Error 404: Not Found
f-usda-protein-001,שייק חלבון וויי,תחליפי ארוחה,מנה (35 גרם אבקה+240מ״ל מים),130,25,4,1,0,error,,,,,,,https://www.foodsdictionary.co.il/Products/1/%D7%A9%D7%99%D7%99%D7%A7%20%D7%97%D7%9C%D7%91%D7%95%D7%9F%20%D7%95%D7%95%D7%99%D7%99,HTTPError: HTTP Error 404: Not Found
f-usda-protein-002,שייק חלבון קזאין,תחליפי ארוחה,מנה (35 גרם אבקה+240מ״ל מים),120,24,5,1,0,error,,,,,,,https://www.foodsdictionary.co.il/Products/1/%D7%A9%D7%99%D7%99%D7%A7%20%D7%97%D7%9C%D7%91%D7%95%D7%9F%20%D7%A7%D7%96%D7%90%D7%99%D7%9F,HTTPError: HTTP Error 404: Not Found
f-usda-protein-003,אבקת חלבון ביצה,תחליפי ארוחה,28 גרם,110,25,1,0,0,page-no-values,אבקת חלבון ביצה,382.0,81.1,7.8,0.0,,https://www.foodsdictionary.co.il/Products/1/%D7%90%D7%91%D7%A7%D7%AA%20%D7%97%D7%9C%D7%91%D7%95%D7%9F%20%D7%91%D7%99%D7%A6%D7%94,
f-usda-protein-004,בר חלבון 20+,תחליפי ארוחה,בר (65 גרם),230,22,25,7,3,error,,,,,,,https://www.foodsdictionary.co.il/Products/1/%D7%91%D7%A8%20%D7%97%D7%9C%D7%91%D7%95%D7%9F%2020%2B,HTTPError: HTTP Error 404: Not Found
f-usda-protein-005,שייק הרבעת ארוחה,תחליפי ארוחה,מנה (55 גרם אבקה),220,18,24,6,3,error,,,,,,,https://www.foodsdictionary.co.il/Products/1/%D7%A9%D7%99%D7%99%D7%A7%20%D7%94%D7%A8%D7%91%D7%A2%D7%AA%20%D7%90%D7%A8%D7%95%D7%97%D7%94,HTTPError: HTTP Error 404: Not Found
